Group,N,Model_Variant,TF,rs,Global_Score,Specificity_Score,Mean_MSE,Mean_WMSE,Mean_Pearson,Mean_Pearson_Pert,Mean_Pearson_TopK_DEGs,Mean_Rank_L1,Mean_Rank_Cosine,Matrix_Dist
test_seen,2421,DNN_KP,0.1,1,-0.035842674973339,-0.0524306699858081,0.0038595331785423,0.061197708436343,0.021885630389787,-0.0058899761945568,0.1628208101591533,0.5399974959256374,0.494101497083023,2405.106783411861
test_unseen,338,DNN_KP,0.1,1,-0.0164575010443456,-0.0151643341549938,0.0078051815800558,0.1864098822746479,0.0935277446727504,-0.0083859537020431,0.1605775283331916,0.2493080913619765,0.5135195729690069,327.93549868888465
Combined,2759,DNN_KP,0.1,1,-0.0342073689578988,-0.0473076400937827,0.0043429072849981,0.0765372208529241,0.0306623736401101,-0.0061957537942416,0.1618168238873942,0.5043856732570918,0.4964803697359633,2738.6299445754426
test_seen,2421,Ridge_Concat_KP,0.1,1,-0.0028576577355613,0.1000522916438196,0.005221135426048,0.0632057914473574,0.0097224475465707,0.0023361225613739,0.0540606097407529,0.5428738866079647,0.5018109609565086,561.8627205243885
test_unseen,338,Ridge_Concat_KP,0.1,1,0.0781984019382854,0.1731391093306019,0.0091391647854185,0.1721318441960665,0.0436859640128942,0.0143922099645003,0.1941712776700607,0.2552971238055189,0.5502218398547957,77.63466298762621
Combined,2759,Ridge_Concat_KP,0.1,1,0.0181092924157351,0.1136101392133604,0.0057011259746044,0.0765501212150499,0.0138832552905422,0.0038130915872009,0.1167674821007229,0.5076433879391621,0.5077416884184951,638.3311347221318
test_seen,2421,KNN_KP,0.1,1,-0.0123584366844194,-0.0143676433733612,0.0039518391220481,0.0613261889737212,0.0197573952025413,-0.0056828368649998,0.1822107413777785,0.5403632225759677,0.4962474828211812,1953.3022547159137
test_unseen,338,KNN_KP,0.1,1,0.0316396562701059,0.0433159014117561,0.0078500627932305,0.1813688171495403,0.0895023205961839,0.0182436252995918,0.2425868768844024,0.2486387099819352,0.5307325435205169,261.05379379340957
Combined,2759,KNN_KP,0.1,1,-0.0036153969321661,-0.0055916049239821,0.0044294033122835,0.0760323898883377,0.0283017173421032,-0.0027516501264597,0.2092322285975262,0.5046245907322623,0.500472183986957,2217.8172536878074
test_seen,2421,KRR_KP,0.1,1,-0.0288436524982865,-0.0479028579650482,0.0038351347235153,0.0611633279582236,0.0225425272042945,0.0140918383216066,0.1843947833591122,0.539990756491049,0.4939870764602333,2411.9502763034357
test_unseen,338,KRR_KP,0.1,1,-0.0081631491630697,-0.008370624932444,0.007777384766879,0.1856611713228603,0.0994001648841492,0.0211542043730672,0.1784126831811573,0.2491836550797894,0.5162228439268658,330.2938913151034
Combined,2759,KRR_KP,0.1,1,-0.0271643991574636,-0.0423641336307639,0.0043180925033837,0.0764153290663233,0.0319582146040012,0.0149570357574144,0.1817174797829646,0.5043645149988396,0.4967111393104405,2747.8839028747852
test_seen,2421,RIDGE_LatentReg_KP,0.1,1,-0.0370896014546349,-0.0593543039656074,0.0038595442448854,0.0612057950930771,0.0224718693927219,-0.0315514851105558,0.1825073347067698,0.539967093587383,0.493944842670146,2409.4743980414432
test_unseen,338,RIDGE_LatentReg_KP,0.1,1,-0.0084056003669597,-0.0104167676459775,0.0077895519645138,0.1854169784798973,0.099686739974048,0.0086081233392808,0.1860333387836302,0.2494593458084281,0.5163569347481881,329.8748255454308
Combined,2759,RIDGE_LatentReg_KP,0.1,1,-0.033750568098171,-0.0524248039614023,0.0043410022402585,0.0764226780161454,0.0319313207361392,-0.0266316055686766,0.1840854064614486,0.5043775253563983,0.4966905067232008,2744.949875127862
test_seen,2421,MLP_Concat_KDP,0.1,1,-0.0352388709454617,-0.054430120721756,0.0038485243100867,0.0612298189613245,0.0223580725969537,-0.0161492061164041,0.1722263271360972,0.5398941579286154,0.4935854061587648,2393.7926426850063
test_unseen,338,MLP_Concat_KDP,0.1,1,-0.0125490752036587,-0.0083517165036967,0.0077812418832084,0.185816946428395,0.0979178813163392,0.0082716549362716,0.1519985045395044,0.2501190726493342,0.5173985522482203,326.6266176845456
Combined,2759,MLP_Concat_KDP,0.1,1,-0.0339279841526739,-0.0479728980363758,0.0043303142846119,0.0764927581000957,0.0316147653650408,-0.0131574514821872,0.1631733156243354,0.5043943468287976,0.4965027107539935,2725.946525737455
test_seen,2421,Ridge_Concat_KDP,0.1,1,-0.0002784854092486,0.0984085266766394,0.005162055968064,0.0628827425033561,0.0095666665722753,0.0027252284864099,0.0652640902520185,0.5428027481317539,0.4992682471689133,583.1344766545055
test_unseen,338,Ridge_Concat_KDP,0.1,1,0.0790653844227301,0.1611205039041994,0.0088664459810505,0.1732035965901108,0.044063583341431,0.0115001001275042,0.2194658120657887,0.2534520341041232,0.5442317346846827,89.69228732207084
Combined,2759,Ridge_Concat_KDP,0.1,1,0.0211302308953531,0.1102084932257283,0.005615873954432,0.0763979468097435,0.0137928202032919,0.0038002218226513,0.134277448266573,0.5073549259710655,0.5047766410726212,672.7585565862902
test_seen,2421,KNN_KDP,0.1,1,-0.01196232262325,-0.0148055520075455,0.0039538287966543,0.0613407196451484,0.0197133842791216,-0.0067721935794643,0.1870572280335103,0.5403591789152146,0.4959761082550886,1953.388643830311
test_unseen,338,KNN_KDP,0.1,1,0.0316396562701059,0.0433159014117561,0.0078500627932305,0.1813688171495403,0.0895023205961839,0.0182436252995918,0.2425868768844024,0.2486387099819352,0.5307325435205169,261.05379379340957
Combined,2759,KNN_KDP,0.1,1,-0.0034814887635873,-0.0059499289220788,0.0044311492355245,0.0760451404340155,0.0282630981157171,-0.0037075517595582,0.211909658288455,0.5046210424529283,0.5002340550183052,2217.72572972276
test_seen,2421,KRR_KDP,0.1,1,-0.0288008120276729,-0.0478769592010635,0.003834949966434,0.0611625880983864,0.0225281971905456,0.0143535165313664,0.1845421172440716,0.5399915053171143,0.4939532295220782,2412.304568673431
test_unseen,338,KRR_KDP,0.1,1,-0.0085157664732139,-0.0087030585913685,0.0077781438355295,0.1856700070554586,0.0992983591119957,0.0197161419694129,0.1776544262344745,0.249192236892354,0.5161820803171838,330.2938922677064
Combined,2759,KRR_KDP,0.1,1,-0.0272221585966742,-0.0423908708056342,0.0043180233726516,0.0764157622946497,0.0319331680964717,0.0150104818804276,0.1814595142747414,0.5043662234296301,0.4966764450236171,2748.2372894802365
test_seen,2421,RIDGE_LatentReg_KDP,0.1,1,-0.0371524437786018,-0.0595979672435347,0.0038592645661957,0.0612062082246341,0.0224681355076723,-0.0320543965319342,0.1830369077595317,0.5399687410047269,0.4939097976102864,2410.7127023807657
test_unseen,338,RIDGE_LatentReg_KDP,0.1,1,-0.0101477399614181,-0.011593333957654,0.007791436740246,0.1855666125031949,0.0991135400853329,0.0050507697015822,0.1802962015647427,0.2494110731127521,0.5159181895808214,329.97285718182184
Combined,2759,RIDGE_LatentReg_KDP,0.1,1,-0.0343559306754599,-0.0528171498780739,0.0043409877248869,0.0764413719238562,0.031857822621572,-0.0275087110709234,0.1818102979940317,0.5043730571527923,0.4966060051079452,2746.21345952014
test_seen,2421,BalancedKRR_lambda0.5_KDP,0.1,1,-0.0283982271249022,-0.0477597934548187,0.003834578768807,0.0611593336794945,0.0224472936372356,0.0146956049238563,0.186688216391284,0.5400019888820297,0.493807957265395,2411.4201272687583
test_unseen,338,BalancedKRR_lambda0.5_KDP,0.1,1,-0.0016454719677903,0.0006725986856505,0.0076997136062275,0.1863989923806899,0.0991196265921662,0.0691348833986617,0.1762365415052373,0.2476035288413265,0.5161423894340725,330.2936794887799
Combined,2759,BalancedKRR_lambda0.5_KDP,0.1,1,-0.026063805734664,-0.0411123880515064,0.004308089307063,0.0765022132159223,0.0318402796969552,0.0213648604963407,0.1820105437150114,0.5041807929799791,0.496544107346226,2747.334066351213
test_seen,2454,DNN_KP,0.1,2,-0.0442446994580663,-0.07185341470406,0.004218391534295,0.0586361857148672,0.0015961777030427,0.0626565888592778,0.1281128563460608,0.5305388632534909,0.457915755002595,2445.445414575761
test_unseen,306,DNN_KP,0.1,2,0.0002430948919183,-0.0046605382559822,0.0072654492677647,0.2068767207788672,0.2145584838987649,0.0067937842364193,0.2454393379412626,0.2950806273941254,0.8040317250495704,280.89285672470874
Combined,2760,DNN_KP,0.1,2,-0.0363952493303142,-0.0614761162523911,0.0045562175003971,0.0750715493850063,0.0252072159986554,0.0564631039989174,0.1809545541637471,0.504433711016909,0.4962894821164989,2748.5209525834034
test_seen,2454,Ridge_Concat_KP,0.1,2,-0.0168915570286896,0.0551215323709336,0.0056642682133888,0.0593799100518795,0.0031176975136514,0.0170488800857144,0.0618362921864642,0.5332045113967978,0.4705078703674984,768.3161026012306
test_unseen,306,Ridge_Concat_KP,0.1,2,0.0619909074092805,0.1524810640698486,0.0087005677906693,0.1993615295592286,0.1045077777422965,0.0230827449720112,0.2816989916258006,0.304849014633037,0.8019103255655288,75.27281095251705
Combined,2760,Ridge_Concat_KP,0.1,2,0.0025436942495118,0.0711505189685825,0.0060009014273916,0.0748996113450856,0.0143587716259577,0.0177178520622386,0.1608584239950203,0.5078868367555983,0.50725031648728,860.6200141630515
test_seen,2454,KNN_KP,0.1,2,-0.0285291244344862,-0.0535841170205776,0.0043009962572061,0.0583652058032504,0.0031641701246535,0.0307017306696653,0.1738098513812825,0.531337169338075,0.4612324546206192,2138.436789438443
test_unseen,306,KNN_KP,0.1,2,0.0496593647331331,0.0419186984973463,0.0073216018682489,0.202154842605654,0.1995767644848384,0.0297180155199248,0.3927100506754011,0.2964546214764751,0.8132978937618299,242.3192809129432
Combined,2760,KNN_KP,0.1,2,-0.0111204049143404,-0.0395195100280987,0.0046358894879957,0.0743071003182995,0.024940349064587,0.0305926665987159,0.2723984907580229,0.5052958433795064,0.5002657967862753,2401.995452913201
test_seen,2454,KRR_KP,0.1,2,-0.0392889112184272,-0.0665149101843363,0.0041890327357156,0.0585292261076331,0.0013602947985074,0.0806222730273318,0.1335725701377821,0.5306459440881484,0.4574432700507755,2446.947564268907
test_unseen,306,KRR_KP,0.1,2,0.0132176773443232,0.0102937095328441,0.0072355937192073,0.2061089094766419,0.2215094612229133,0.0480285061902331,0.2579067681558125,0.2948638679828582,0.8101341539394543,281.50151178664134
Combined,2760,KRR_KP,0.1,2,-0.0303702711649558,-0.0553144983584977,0.0045268036273636,0.0748913214376754,0.0257681371629524,0.0770086162693056,0.189570415046666,0.504504887824301,0.4965459550036508,2750.6425840076445
test_seen,2454,RIDGE_LatentReg_KP,0.1,2,-0.0576197243122806,-0.0934946536635948,0.0042429023593822,0.0587118031899491,0.0013414258680046,-0.0097175286915626,0.1344468081569121,0.530233276706034,0.4574103334630119,2445.647698958629
test_unseen,306,RIDGE_LatentReg_KP,0.1,2,0.0155699196703189,0.0110712377090761,0.0072490746563153,0.205782192187987,0.2216496003422546,0.0439353009535187,0.2708257535178496,0.2983260961748479,0.8102869515572327,281.28564665838235
Combined,2760,RIDGE_LatentReg_KP,0.1,2,-0.0449333397355564,-0.0779697005360214,0.0045761953749117,0.0750174332745142,0.0257668973858018,-0.0037690627961297,0.1958693866019145,0.5045218284297504,0.4965336106865015,2749.1152018611683
test_seen,2454,MLP_Concat_KDP,0.1,2,-0.0477104082375279,-0.0759926438237101,0.0042326542784431,0.0586956786126925,0.0013762639341874,0.0486499709904091,0.1251097578706229,0.5303283940267504,0.4575936263124048,2441.212750879574
test_unseen,306,MLP_Concat_KDP,0.1,2,0.0128062262957339,0.0045026339529881,0.0072619551469469,0.2062507363301573,0.2183822428533433,0.0291373629604347,0.2838044835353909,0.2971854441909662,0.8066352069400914,279.88278979090774
Combined,2760,MLP_Concat_KDP,0.1,2,-0.0358013682034973,-0.0637989204073054,0.0045685115486468,0.0750550437074549,0.0254356224665286,0.0464866166218685,0.1965829549257474,0.5044799365449569,0.4962917145993876,2743.232700567316
test_seen,2454,Ridge_Concat_KDP,0.1,2,-0.0077057604556644,0.0593513921957678,0.005506823000413,0.0587607953583366,0.0038156424179171,0.0247344229562658,0.0744394916081466,0.5341259973656637,0.4712404509742583,777.8255568967342
test_unseen,306,Ridge_Concat_KDP,0.1,2,0.0646016151692892,0.1419661229942942,0.0083531764463185,0.1986187445689399,0.1081640307427163,0.0203473124671008,0.2979907176668663,0.2986174776785185,0.8017717416796367,87.61134656142232
Combined,2760,Ridge_Concat_KDP,0.1,2,0.0110558114082036,0.073307352586646,0.0058223969694156,0.0742667853795122,0.0153847028626231,0.0242480259237714,0.1751228682300127,0.5080152701829586,0.5078863114655069,883.2582333521335
test_seen,2454,KNN_KDP,0.1,2,-0.0270444926910769,-0.0549359736526386,0.0043089753094298,0.0583450020704984,0.002895548989602,0.0262924290649428,0.1919656735175162,0.5313178209389852,0.4607645482975919,2137.9157734607697
test_unseen,306,KNN_KDP,0.1,2,0.0496593647331331,0.0419186984973463,0.0073216018682489,0.202154842605654,0.1995767644848384,0.0297180155199248,0.3927100506754011,0.2964546214764751,0.8132978937618299,242.3192809129432
Combined,2760,KNN_KDP,0.1,2,-0.0105776637152873,-0.0406951147921706,0.0046429839061684,0.0742891365646135,0.0247015098379869,0.0266722223458212,0.282377263229846,0.5052786401290112,0.4998497670338443,2401.480442281843
test_seen,2454,KRR_KDP,0.1,2,-0.0389747564954419,-0.075068557997427,0.0042371240124795,0.0584188060043887,0.0022839628456606,0.0278275755975822,0.1822320359566263,0.5308612873390871,0.4590463809188746,2376.63636602151
test_unseen,306,KRR_KDP,0.1,2,0.0451440940931772,0.0256411447829272,0.0072445933311052,0.2024381524283338,0.2198157217742002,0.0437219509584809,0.3995441931106426,0.2981780364676981,0.8135632167570422,269.95950398638917
Combined,2760,KRR_KDP,0.1,2,-0.020921444570382,-0.0602178822335214,0.0045705608282402,0.0743861683253044,0.0264016143790421,0.029589778083247,0.2801054502473664,0.505063796481607,0.4983515083704976,2668.3671062878147
test_seen,2454,RIDGE_LatentReg_KDP,0.1,2,-0.0580170447267611,-0.0938468250579975,0.0042429746473522,0.0587154308111141,0.0013206770140862,-0.0106271130203308,0.1332418319763988,0.530215109888568,0.4573818278063375,2446.3456187867378
test_unseen,306,RIDGE_LatentReg_KDP,0.1,2,0.013725198882362,0.0087382872564857,0.0072512039878188,0.2059028365211067,0.2208824316062742,0.0391128932373101,0.2694107907899769,0.2976971385388757,0.8092979127134724,281.3323829549078
Combined,2760,RIDGE_LatentReg_KDP,0.1,2,-0.0454981493205077,-0.078525983753207,0.0045764957264039,0.0750340344876568,0.0256633932840896,-0.0051124601526358,0.1945698363275523,0.5044359434997977,0.4963986111329982,2749.814061663877
test_seen,2454,BalancedKRR_lambda0.5_KDP,0.1,2,-0.0404836452815522,-0.0763535123921323,0.004240160239387,0.0584031458671038,0.0019167147290504,0.0222151514999506,0.1782488856645659,0.5307525818296969,0.4583347733859373,2369.257154092058
test_unseen,306,BalancedKRR_lambda0.5_KDP,0.1,2,0.0332128310337373,0.0077286108852272,0.0072366403827486,0.2059570785056602,0.2172025704160269,0.030776189056056,0.3967111786869545,0.2556920073816648,0.8127044704555737,268.41023282313256
Combined,2760,BalancedKRR_lambda0.5_KDP,0.1,2,-0.0242788169796418,-0.0645489982716885,0.004572378690064,0.0747623862248568,0.0257853639465195,0.0231643100116058,0.2766403000792294,0.5002567355321976,0.4976235876262666,2658.963205242867
test_seen,2343,DNN_KP,0.1,3,-0.0221200121771232,-0.0354915954578737,0.003912978975944,0.0713827110782607,0.0030595480311931,-0.0330995692289373,-0.0208714462008094,0.5424212110145069,0.4600428920418757,2327.9475673363704
test_unseen,319,DNN_KP,0.1,3,0.0136945896287167,0.0215108060606283,0.0077399882785781,0.1784832370906906,0.1415509784820066,0.0203498495331912,0.2379334275992785,0.2243058034373199,0.8017786228337096,295.5403326206457
Combined,2662,DNN_KP,0.1,3,-0.0174523603305533,-0.0281003658586995,0.004371587528739,0.0842170716334693,0.0196556285397616,-0.0266944735921533,0.0648420650577406,0.5042999431643481,0.5009946944921368,2640.6199642506
test_seen,2343,Ridge_Concat_KP,0.1,3,0.0734027535759758,0.1607406581627309,0.0050031658516788,0.0720636374713669,0.0026964671119895,0.0003815915013854,0.0436062910067605,0.5440843161757146,0.4889817879639561,238.3742625744903
test_unseen,319,Ridge_Concat_KP,0.1,3,-0.0208089382130315,0.0652028686723181,0.0089352077180252,0.1813780243619191,0.0358712141098759,0.005512752558301,0.0720755870866545,0.2253578038284333,0.6753689364193582,39.06137916789908
Combined,2662,Ridge_Concat_KP,0.1,3,0.0647125897726804,0.1590971051518226,0.0054743609513649,0.0851632954045322,0.00667195332248,0.0009964827024207,0.0530350289367576,0.5058898167621974,0.5113174379854712,277.2353762512868
test_seen,2343,KNN_KP,0.1,3,0.0479699621699293,0.0671749917997028,0.0039743925700787,0.0713238270817106,0.002886388874947,-0.0073661301371604,0.0440945514605551,0.5425904246267236,0.4664436575610496,1228.7284053487156
test_unseen,319,KNN_KP,0.1,3,0.0623378586941774,0.1154041193228744,0.0077929729842835,0.17865799425183,0.1046039890285173,0.0125881991121851,0.2147252216699122,0.2249113221394836,0.7997146758177742,151.01012363002448
Combined,2662,KNN_KP,0.1,3,0.0482553398351219,0.073127856035297,0.0044319910494669,0.0841861859574687,0.0150756880669038,-0.0049749088634785,0.1006056737485416,0.5045214412708147,0.5063810936331364,1395.108379041725
test_seen,2343,KRR_KP,0.1,3,-0.0205575624000837,-0.0327816380384346,0.0039080692045279,0.0713733189782604,0.0033245353407134,-0.0261740246657577,-0.0235140610276141,0.5424579407938411,0.461461880503753,2321.399633076907
test_unseen,319,KRR_KP,0.1,3,0.0138120275310085,0.0209554065296892,0.0077401595994072,0.1785069029198112,0.1439165476467136,0.0221543526439776,0.2386800288456899,0.2240831516188201,0.8005334219228399,294.9449078655307
Combined,2662,KRR_KP,0.1,3,-0.0159637306631288,-0.0256979216975344,0.0043672866485424,0.0842116410208429,0.0201723384682919,-0.0203826075501283,0.0633219237214222,0.5043055900249338,0.5020944205911642,2633.4651650328556
test_seen,2343,RIDGE_LatentReg_KP,0.1,3,-0.0220552672413722,-0.0343942133817318,0.0039118166831864,0.0713839898981892,0.0034803507033821,-0.0390451568877252,-0.0267106695532876,0.542463394123524,0.4620224507167359,2308.0551756213295
test_unseen,319,RIDGE_LatentReg_KP,0.1,3,0.014765003643252,0.0239478763991742,0.0077390841215256,0.1784455078489781,0.1438281040015583,0.0285760661979789,0.2330351048427007,0.2243458572036109,0.8010364501053767,293.24553781676286
Combined,2662,RIDGE_LatentReg_KP,0.1,3,-0.0171859656681358,-0.0266812921084002,0.004370456169599,0.0842136759336143,0.0202988831234115,-0.0309417871791078,0.0593144583013322,0.5043418711041957,0.5026480952715731,2618.409205761027
test_seen,2343,MLP_Concat_KDP,0.1,3,-0.0194611416223458,-0.029045866559492,0.0039197279566324,0.0714978771746683,0.0024483570859856,-0.0324771928240518,-0.0297113761592946,0.5424909815560371,0.4634876320888674,2265.884734415206
test_unseen,319,MLP_Concat_KDP,0.1,3,0.0113764112515462,0.0130181419094077,0.0077511239621464,0.1785242437871338,0.1372362006807597,0.0108364207794412,0.2612020107794937,0.2241667933072512,0.7884301161912637,286.00629379168805
Combined,2662,MLP_Concat_KDP,0.1,3,-0.0140416644506146,-0.022475792140303,0.0043788621886982,0.0843233508596332,0.0186006193349461,-0.0272867184666084,0.0666361442738089,0.5043446945344884,0.5024270206796504,2568.900992164971
test_seen,2343,Ridge_Concat_KDP,0.1,3,0.0784392883670509,0.1628172803419161,0.0049828396840545,0.0718740764335269,0.0027540088859354,0.0010088846249696,0.0688950300229089,0.5442811172204443,0.4923856280383266,237.75108600842648
test_unseen,319,Ridge_Concat_KDP,0.1,3,-0.0117357408678595,0.0728756060390573,0.0087137199148936,0.1808044859267524,0.0378752124658116,0.0044119711859474,0.0745815295974219,0.2248594878536953,0.6833396359112645,39.67437395353638
Combined,2662,Ridge_Concat_KDP,0.1,3,0.0697663743703771,0.1613107610722269,0.0054299286373369,0.0849277205463515,0.006962748157904,0.0014166925186405,0.0707783401713811,0.5060033186599661,0.5152685463371497,278.1470251656586
test_seen,2343,KNN_KDP,0.1,3,0.052410302033859,0.0691391941427299,0.0039740222091871,0.0712742968076893,0.0030871917668768,-0.0070279637854796,0.0701670966096736,0.5426751116288565,0.4676465979322577,1213.9653628455164
test_unseen,319,KNN_KDP,0.1,3,0.0623378586941774,0.1154041193228744,0.0077929729842835,0.17865799425183,0.1046039890285173,0.0125881991121851,0.2147252216699122,0.2249113221394836,0.7997146758177742,151.01012363002448
Combined,2662,KNN_KDP,0.1,3,0.0516934811930373,0.0748673335051682,0.0044316650706656,0.0841425911295078,0.0152524278023626,-0.0046772665787346,0.118043260214833,0.5045959798305434,0.5074398799929188,1380.342769372483
test_seen,2343,KRR_KDP,0.1,3,-0.0207414046194291,-0.0329904352247491,0.0039080210618475,0.0713741364526449,0.0033071197153192,-0.0263587944954333,-0.0239467306977671,0.5424593843222866,0.4614145648491521,2323.120290117619
test_unseen,319,KRR_KDP,0.1,3,0.0137242680401018,0.020849408082914,0.0077402021296251,0.1784999202248799,0.1438457252145552,0.0223487418142456,0.2386158338723996,0.2240925760344179,0.8003767410135253,294.9452195764984
Combined,2662,KRR_KDP,0.1,3,-0.0161216839705144,-0.0258813897962218,0.0043672493716225,0.0842115237641937,0.0201485228536574,-0.0205219409707197,0.0630112890794906,0.5043079899406825,0.5020339991828993,2635.1792284664843
test_seen,2343,RIDGE_LatentReg_KDP,0.1,3,-0.0227123545405335,-0.0352469865307144,0.0039116651734706,0.0713868833950484,0.0034492246453497,-0.0402511982843341,-0.0277373472205937,0.542463394123524,0.4619231680380988,2314.272202082371
test_unseen,319,RIDGE_LatentReg_KDP,0.1,3,0.0141794147650797,0.0232561148903594,0.0077393600147977,0.1784399440182576,0.1430051039131234,0.0251157608056012,0.2328598902767997,0.2243505694114098,0.8012673482875248,293.64237216281873
Combined,2662,RIDGE_LatentReg_KDP,0.1,3,-0.0178004039110354,-0.0274847764198914,0.0043703558775966,0.0842155559490693,0.0201728630700003,-0.0324179676495898,0.0585697764521763,0.5043424357902542,0.5025883797208813,2624.320687763191
test_seen,2343,BalancedKRR_lambda0.5_KDP,0.1,3,-0.0234991768763588,-0.0357081272158844,0.0039085482308278,0.0714045084890116,0.0030867033874059,-0.0322439517066839,-0.0322771238315754,0.5424327592420706,0.4604828474336389,2334.004738253384
test_unseen,319,BalancedKRR_lambda0.5_KDP,0.1,3,0.0014182157944839,0.0025098955027602,0.0077721393936527,0.1793367875851275,0.1435021102022251,-0.0500535610669628,0.2369130107546564,0.2199717503142453,0.7989230249075524,296.6841306936246
Combined,2662,BalancedKRR_lambda0.5_KDP,0.1,3,-0.0201850813378478,-0.0308324546964372,0.0043715405602573,0.0843385419344139,0.019913343047033,-0.034378161092833,0.0568758789413566,0.5037907375110502,0.5010397282053063,2647.8315247656315
test_seen,1801,DNN_KP,0.3,1,0.015571611635204,0.0038921831636653,0.0037262712272389,0.0741954913927176,0.0247015002513568,0.0246798657740684,0.1641790529335303,0.5485724332547816,0.5284497906526309,1753.8201652787718
test_unseen,338,DNN_KP,0.3,1,0.0040520327697385,-0.0043147410324988,0.0077836836186329,0.1850362645803677,0.0222219538135391,0.0376332942500894,0.2380073974979262,0.2685582389115525,0.4278012409983339,322.5550711846304
Combined,2139,DNN_KP,0.3,1,0.0114495174883901,0.0023195626973908,0.0043674144662717,0.0917103026771616,0.0243096878642683,0.0267267375949637,0.1994403518299582,0.5043252160093343,0.5125455317544765,2080.921781622663
test_seen,1801,Ridge_Concat_KP,0.3,1,0.0556680441509464,0.1788164851476224,0.0053136930119645,0.0756599645051013,0.0061958519372018,0.0047717344617717,0.062798903969936,0.5521833572347552,0.530799332456919,143.4363141921989
test_unseen,338,Ridge_Concat_KP,0.3,1,0.1265320467342787,0.2313814827141366,0.0092775974915442,0.1760853715232049,0.0238729439682658,0.0236158077280572,0.2310220448374668,0.2825222377823658,0.587687713452267,46.306522270857066
Combined,2139,Ridge_Concat_KP,0.3,1,0.0743104626315723,0.190987300044448,0.0059400603397335,0.0915289629025389,0.0089891465171455,0.0077494328086649,0.1431442846827866,0.5095721097476549,0.5397887072939586,182.18153588734984
test_seen,1801,KNN_KP,0.3,1,0.0985017435065079,0.1574930165051171,0.0037984137854869,0.0743554166654611,0.0124149642646683,0.00700963528446,0.0969932333182569,0.5488435641980419,0.5306785701115012,355.57078475913517
test_unseen,338,KNN_KP,0.3,1,0.1247955563852919,0.1835242415458654,0.0078161193127628,0.1826954275193644,0.0317050369412093,0.0320450821181283,0.2548715874302166,0.2707972390277924,0.5328751086288686,78.32401440121014
Combined,2139,KNN_KP,0.3,1,0.1049060691145719,0.1629510456324487,0.0044332826345843,0.0914750630743528,0.0154631384417,0.010965680646676,0.1723978203568048,0.5049073052417331,0.5310256622194349,430.2457316232385
test_seen,1801,KRR_KP,0.3,1,0.0224319022394256,0.0145023405983949,0.0037236233975208,0.0741527936293234,0.0279219639080061,0.0385681418981587,0.1621911741500888,0.5485098445983393,0.5275922481481808,1682.8255306153565
test_unseen,338,KRR_KP,0.3,1,0.0321077954880266,0.0232386455069016,0.0077761564529519,0.1845483080711638,0.0348242810264368,0.0752830574086317,0.2956253105722186,0.2690024410359735,0.4598958823431731,310.3688300030736
Combined,2139,KRR_KP,0.3,1,0.024500843623873,0.015926707839852,0.0043639956147885,0.0915972461217694,0.0290126526345277,0.0443697508007019,0.225920910948718,0.5043427092995643,0.5168950197040048,1997.3236313966063
test_seen,1801,RIDGE_LatentReg_KP,0.3,1,0.0266027341051665,0.0195153950056539,0.0037242120137434,0.0741346912382151,0.0276120158357367,0.0339514161898055,0.1702950325902249,0.5484888085768794,0.5274829127773834,1629.3790850833218
test_unseen,338,RIDGE_LatentReg_KP,0.3,1,0.0393788381061087,0.0328134214114573,0.0077746456143537,0.1844004884624744,0.036571071380388,0.0708524147575931,0.3022077823412924,0.2692072445076691,0.4693431343787535,299.03503319198103
Combined,2139,RIDGE_LatentReg_KP,0.3,1,0.0292412146303474,0.0218027136964387,0.004364252479852,0.0915586461058166,0.0290277057721987,0.0397824295212277,0.2332981369489437,0.5043573599301318,0.5182957949191613,1931.7788916481952
test_seen,1801,MLP_Concat_KDP,0.3,1,0.0398255458981251,0.0594106545313865,0.0037658609351392,0.0743285780580929,0.0170745042938579,0.0024203995975491,0.1039605337826488,0.5488113609059305,0.516505226022961,1170.347300097565
test_unseen,338,MLP_Concat_KDP,0.3,1,0.0785775434295117,0.1068397869654053,0.0077514626587803,0.1847485817778473,0.0424333209101117,0.0412878616886193,0.2506228881327699,0.2732451940374513,0.5544638853986195,218.7389145503041
Combined,2139,MLP_Concat_KDP,0.3,1,0.0476122208590243,0.0680459705503853,0.0043956568129282,0.091776900291509,0.0210816478264871,0.0085621491004859,0.1740082254125574,0.5052670110220848,0.5225033685517,1388.938727684983
test_seen,1801,Ridge_Concat_KDP,0.3,1,0.0543326417660478,0.1816743410880083,0.0053699498944651,0.0757109351666784,0.006548341140044,0.0050146421817272,0.0533229788018141,0.5525404501916357,0.5362245483618133,138.5963630699696
test_unseen,338,Ridge_Concat_KDP,0.3,1,0.12496873665524,0.2251285700520421,0.0090204356629617,0.1766143514061612,0.020657952491255,0.0203099825829392,0.2223724385394585,0.2797048062393101,0.5761841238562834,46.37219653049538
Combined,2139,Ridge_Concat_KDP,0.3,1,0.0735053744376216,0.1921636126056811,0.0059467914979022,0.0916554675130763,0.0087779103951676,0.0074315776915961,0.1340630192735248,0.5094275714371306,0.5425388711842214,177.26417086154456
test_seen,1801,KNN_KDP,0.3,1,0.1045376200087866,0.1601893979766076,0.0037959600676216,0.0742870348179378,0.0138314349110676,0.0087795449195887,0.1272018489820051,0.5489347202910346,0.5348927864106262,352.38315833351396
test_unseen,338,KNN_KDP,0.3,1,0.1247955563852919,0.1835242415458654,0.0078161193127628,0.1826954275193644,0.0317050369412093,0.0320450821181283,0.2548715874302166,0.2707972390277924,0.5328751086288686,78.32401440121014
Combined,2139,KNN_KDP,0.3,1,0.1087730639062444,0.1651283242269811,0.0044312166477328,0.0914174867735629,0.0166557815619268,0.0124559131164594,0.1881784404796584,0.5049840570526167,0.5345739574764355,427.36278001943606
test_seen,1801,KRR_KDP,0.3,1,0.0215571621044974,0.0133528068875046,0.0037235241538618,0.0741534345928172,0.0279981458894873,0.0394992390579096,0.1609403444758276,0.5485036117030918,0.5275688747910032,1694.703673528721
test_unseen,338,KRR_KDP,0.3,1,0.0310478681334413,0.0225441888144982,0.0077771183054684,0.1845634216103066,0.033640500126528,0.0729474710610519,0.2927114081713101,0.2690342686025207,0.4590240837812255,310.17297400435945
Combined,2139,KRR_KDP,0.3,1,0.0235029681593486,0.0148342492755199,0.0043640640431759,0.0916001740093256,0.0288897380971169,0.0447846539326464,0.2238757778826252,0.5043424906334364,0.5167375800919359,2009.0845197136216
test_seen,1801,RIDGE_LatentReg_KDP,0.3,1,0.0247760617510433,0.0166170417214879,0.0037240726234909,0.0741403500974697,0.0276676562162003,0.0352452651966427,0.1700959703924373,0.5484812771617888,0.5265955043165397,1654.2288080364733
test_unseen,338,RIDGE_LatentReg_KDP,0.3,1,0.0316826685405533,0.0252194346939962,0.0077763338607897,0.1844742545694051,0.0337612869582433,0.0645908643615561,0.2859917279974661,0.2689553915897731,0.4571905391866534,301.8804189165225
Combined,2139,RIDGE_LatentReg_KDP,0.3,1,0.0259149575156619,0.018395225408605,0.0043644018886649,0.0915750671201504,0.0286305581286877,0.0398823911983915,0.2254491680545406,0.5043112213771506,0.5156282868252346,1956.1035853707292
test_seen,1801,BalancedKRR_lambda0.5_KDP,0.3,1,0.0238234070678899,0.0147273510758951,0.0037239020511416,0.074157251788591,0.0275278904955282,0.0374214503105876,0.1718726331722145,0.5485075072626214,0.5252601065097917,1669.944974053955
test_unseen,338,BalancedKRR_lambda0.5_KDP,0.3,1,0.028732222839732,0.0201849381857813,0.0077790500107507,0.1852399514145675,0.0317030458795594,0.0649382810512624,0.2891347983265524,0.2694314212807412,0.4577634353845047,309.5186981091884
Combined,2139,BalancedKRR_lambda0.5_KDP,0.3,1,0.0244473798607333,0.0155845664660123,0.0043646874697241,0.091710291748189,0.0281876392191385,0.0417695984126671,0.2278784433951819,0.5044085278040541,0.5145944333726495,1982.962947914502
test_seen,1655,DNN_KP,0.3,2,-0.0211701791740198,-0.0382010232073343,0.0041476428463695,0.0746075064378191,-0.0424433038812037,-0.025981521815219,-0.0968780682022551,0.5486127381466182,0.5102127134841853,1601.942100935196
test_unseen,306,DNN_KP,0.3,2,-0.0286714551849235,-0.0416605111318758,0.0078868571236191,0.2119468930328527,-0.0927298271400883,-0.021679463562071,0.0314317489634789,0.2646441910097372,0.4645174736561291,277.668932070717
Combined,1961,DNN_KP,0.3,2,-0.0239266970741111,-0.038626305305646,0.0047311204439413,0.0960383337188391,-0.0502901555473019,-0.0253102164478232,-0.0360726126779313,0.5043014809187316,0.5030822987022447,1891.164243768106
test_seen,1655,Ridge_Concat_KP,0.3,2,0.0756923981135814,0.1627382054122534,0.0057864395423214,0.0743780492448098,-0.0023729254090684,0.0030643221946752,0.0488343990614857,0.552428324804242,0.5319070226277822,123.1959586825619
test_unseen,306,Ridge_Concat_KP,0.3,2,0.119617619631493,0.1893472316978869,0.0095774754328785,0.1973434521954257,0.0058925917235738,0.017898517485695,0.1798209231237581,0.2729208350006669,0.5505952380952381,33.22308120979399
Combined,1961,Ridge_Concat_KP,0.3,2,0.0864833579530912,0.170457649184596,0.0063780035313629,0.0935659193635699,-0.0010831506805684,0.0053790920871036,0.1109083341592694,0.5088131836110272,0.5348231847557993,152.1475905605146
test_seen,1655,KNN_KP,0.3,2,0.0607091501509742,0.0677040011340734,0.0042097842099932,0.0743485387642025,-0.0203244119153262,0.0022067308848581,0.0377794823848929,0.5490770084468832,0.5193822060546274,836.8100086391171
test_unseen,306,KNN_KP,0.3,2,0.0822001655730195,0.0983528363863386,0.0079144266316996,0.2079056919908223,-0.0193003554722999,0.0338340431381863,0.1485193808922656,0.2681655995731626,0.5293800853674803,139.86033726474363
Combined,1961,KNN_KP,0.3,2,0.0631531836960557,0.0731521924749857,0.0047878671172049,0.0951891756266939,-0.0201646152444613,0.0071419463614101,0.0902586310751338,0.505242795741448,0.5209423034894733,985.7046521838788
test_seen,1655,KRR_KP,0.3,2,-0.0186462472403943,-0.0349373412410183,0.004139932666111,0.0744626575072371,-0.0417757632217292,-0.0175074731777445,-0.0953405414414472,0.5486731611073433,0.5112957025710586,1598.473670112869
test_unseen,306,KRR_KP,0.3,2,-0.0101824648861809,-0.0295958793351859,0.0078730550705489,0.2112064480571352,-0.0858702597046699,0.011822138594359,0.1068935111867119,0.265062691743364,0.4736227824463118,277.9355821780819
Combined,1961,KRR_KP,0.3,2,-0.0161642856112797,-0.0338982918814852,0.0047224596705771,0.0958005462926878,-0.0486563934735292,-0.0129307973989257,0.000497282695592,0.5044177793503939,0.5054171133012103,1887.8704901504336
test_seen,1655,RIDGE_LatentReg_KP,0.3,2,-0.0203278273599013,-0.0355104134230087,0.0041438519626133,0.074499456760615,-0.0417350384118567,-0.0237996606978363,-0.1062572978812241,0.5486688451815771,0.5111384795610087,1589.9163008070634
test_unseen,306,RIDGE_LatentReg_KP,0.3,2,-0.0096716743250437,-0.0280276000900244,0.0078765334170839,0.2111612673166461,-0.0820208296278557,0.0073725415268564,0.1004249033572966,0.2652327597705748,0.4761621315192744,275.6685417892995
Combined,1961,RIDGE_LatentReg_KP,0.3,2,-0.0173670549949662,-0.0340907759633507,0.0047263101599963,0.0958245531553858,-0.0480213474950264,-0.0189354618805207,-0.0083115157681901,0.5044406747910791,0.5056806710445524,1876.8989995266584
test_seen,1655,MLP_Concat_KDP,0.3,2,-0.0225838462758534,-0.0346327082851472,0.0041449314137408,0.0745323213724327,-0.0393174821656653,-0.0087801559572194,-0.1338933168691679,0.5485513903446575,0.5089721931068499,1602.8266645874596
test_unseen,306,MLP_Concat_KDP,0.3,2,-0.0068342910749952,-0.0272089226094827,0.0078735690974124,0.2115901280035403,-0.0801343046765056,0.0229259189026684,0.1160794454295417,0.2652227557689742,0.4769557823129251,279.6304966756058
Combined,1961,MLP_Concat_KDP,0.3,2,-0.0174368197049574,-0.0332622591810701,0.004726758609663,0.0959192101175214,-0.0456866548777087,-0.0038326501402252,-0.0154323291131528,0.5043399868871566,0.5039762615908168,1893.9501573674904
test_seen,1655,Ridge_Concat_KDP,0.3,2,0.0769030745078143,0.1634976129176747,0.0058787839764717,0.074181526454479,-0.0019197814238004,0.0032993751141665,0.0802518676412212,0.5522769591220174,0.5316502250447006,120.37917893270928
test_unseen,306,Ridge_Concat_KDP,0.3,2,0.1233017016498516,0.1848010176733991,0.0092940485939819,0.1988929913010532,0.0018512020746128,0.0149794611666266,0.198619518864279,0.2706949446445245,0.5451680672268907,32.89000738632335
Combined,1961,Ridge_Concat_KDP,0.3,2,0.088228756619595,0.1698518793694658,0.0064117115506472,0.0936418570220729,-0.0013313464668833,0.0051219688582016,0.1363457746465257,0.5083381032168095,0.533759587465787,149.92671766062145
test_seen,1655,KNN_KDP,0.3,2,0.0615438170566441,0.0687063451563226,0.0042103183262634,0.074347093082307,-0.0201074528469979,0.0021916761472935,0.0395699171283287,0.5491812072260929,0.5198165731549418,830.5215264526144
test_unseen,306,KNN_KDP,0.3,2,0.0822001655730195,0.0983528363863386,0.0079144266316996,0.2079056919908223,-0.0193003554722999,0.0338340431381863,0.1485193808922656,0.2681655995731626,0.5293800853674803,139.86033726474363
Combined,1961,KNN_KDP,0.3,2,0.0637993370313211,0.0739897023932956,0.0047883178884579,0.0951879555331003,-0.0199815110842964,0.0071292408077795,0.0912005867032064,0.5053307350477162,0.5213088907158988,979.4516480953068
test_seen,1655,KRR_KDP,0.3,2,-0.0189373579522967,-0.0354157605518067,0.004139856349861,0.0744662052481135,-0.0418875924424331,-0.0183331489770328,-0.0951690267759107,0.5486666872186942,0.511303717861767,1600.7105312914994
test_unseen,306,KRR_KDP,0.3,2,-0.0105202762094294,-0.0298879513786671,0.0078741558404165,0.2112121234252938,-0.0858175284760644,0.010371851274849,0.105802886431402,0.2650810324129652,0.473736161131119,277.91382200868605
Combined,1961,KRR_KDP,0.3,2,-0.0165079106736228,-0.0343453218222951,0.0047225670301823,0.0958044260345578,-0.0487425442151466,-0.013853939350783,7.067506530576344e-05,0.5044151775957706,0.5054415697946696,1890.080236392514
test_seen,1655,RIDGE_LatentReg_KDP,0.3,2,-0.0210169146600669,-0.0365325178856166,0.0041436019473488,0.0745059636559893,-0.0419185929222541,-0.0253242872532299,-0.1065807150453864,0.5486632961341636,0.5110839139281089,1594.962164029246
test_unseen,306,RIDGE_LatentReg_KDP,0.3,2,-0.010109091253658,-0.0266606289865175,0.0078736702419634,0.2111866027058989,-0.0811726578729468,0.01355077422967,0.0895468011575737,0.2652494331065759,0.476500600240096,275.98774534603274
Combined,1961,RIDGE_LatentReg_KDP,0.3,2,-0.0183531422300544,-0.0346709791153585,0.0047256523798588,0.0958339981023291,-0.0480439085137441,-0.0192581124374383,-0.013636751543582,0.5044385933873804,0.505687435606573,1881.5466646879197
test_seen,1655,BalancedKRR_lambda0.5_KDP,0.3,2,-0.0241605523282257,-0.0409914807286114,0.0041404761506983,0.074540682236042,-0.0431140326322043,-0.0312836510910086,-0.10936191293862,0.5485948578827301,0.510197299463592,1615.839197721099
test_unseen,306,BalancedKRR_lambda0.5_KDP,0.3,2,0.0062909801872751,0.0027563401231562,0.0077099457535053,0.2108974268135118,-0.0949354227538574,0.167958044771329,0.066626758741068,0.2647509003601441,0.4660680939042284,281.6631838919632
Combined,1961,BalancedKRR_lambda0.5_KDP,0.3,2,-0.0190793853507089,-0.0340663179858821,0.0046974663079951,0.0958181752705682,-0.0512003892753587,-0.0001934119610365,-0.0259616588896112,0.5043030419715057,0.5033112531090969,1909.0825311094195
test_seen,1780,DNN_KP,0.3,3,-0.008660996895698,-0.0085450522552543,0.0042035180584852,0.0806978573257444,0.0116164655301117,-0.0107347812751017,0.0285322316537769,0.5497233855678495,0.5293500498066644,1730.7235139615686
test_unseen,319,DNN_KP,0.3,3,-0.0075339842787963,-0.0219144223318164,0.0078768689288568,0.1817048057010239,-0.0454499740400882,-0.0136042308575127,-0.0955552807545375,0.2503070546363009,0.3657356909551117,289.00069210939307
Combined,2099,DNN_KP,0.3,3,-0.006279113057835,-0.0106688302588008,0.004761783388475,0.0960486036486192,0.0029436717126301,-0.0111708719929622,-0.0164713379872666,0.5042189503286099,0.5044844087996871,2032.5429228514856
test_seen,1780,Ridge_Concat_KP,0.3,3,0.0898826760578211,0.1844003856889052,0.0055061270254937,0.0791912277468405,0.0062891384217508,0.0043537249303133,0.1609965973253202,0.5527037521020555,0.5402914493203801,134.78813414021772
test_unseen,319,Ridge_Concat_KP,0.3,3,0.1327333842216233,0.2075590414114817,0.0092726688659479,0.1805020234875555,0.0023488144432747,0.0068250186310685,0.0271250746680674,0.2536943678260531,0.5349504379450798,38.448611547600606
Combined,2099,Ridge_Concat_KP,0.3,3,0.1006285667699855,0.1900182687721666,0.0060785552518419,0.0945881519208701,0.0056902992844788,0.0047293050592037,0.1124446014320207,0.5072611634483895,0.5394797377297555,169.61289003335585
test_seen,1780,KNN_KP,0.3,3,0.1060532727641845,0.14481286921976,0.0042573884093197,0.0800176022482623,0.0115551298430999,0.00300987738397,0.1841955585179472,0.5503831899829693,0.550958912179604,495.8059146527641
test_unseen,319,KNN_KP,0.3,3,0.108892070778847,0.1473271052820752,0.0079304598994448,0.1811193588189642,-0.0197861946011011,-0.0009766696683183,-0.0178353323687592,0.2510347218279238,0.4339854944700281,75.53181839678312
Combined,2099,KNN_KP,0.3,3,0.1055493432343277,0.1448420588438703,0.0048156112799009,0.0953827572487644,0.006791965242004,0.0024040133965093,0.110923791752698,0.5048890683338699,0.5331816276396542,581.1846473898063
test_seen,1780,KRR_KP,0.3,3,-0.0085504897080567,-0.0149630243744604,0.0042001286650568,0.0806639842145195,0.0118264992168072,-0.0219293083644491,0.0588939937269603,0.5497129422349804,0.5305314853097117,1771.7132309813162
test_unseen,319,KRR_KP,0.3,3,-0.0197877819141617,-0.0360021143151441,0.0078758630099711,0.1816140880681413,-0.051433102029855,-0.0429251780908925,-0.12088944384322,0.2501875199846995,0.3576850321697631,296.54413289812953
Combined,2099,KRR_KP,0.3,3,-0.0098351597802321,-0.0183256064836143,0.0047587562286717,0.0960060914700246,0.0022124864499253,-0.0251202004286394,-0.0063091544058867,0.5041919276099973,0.5042627770907295,2081.1503961076596
test_seen,1780,RIDGE_LatentReg_KP,0.3,3,0.003196292589845,-0.000115809598789,0.0042005627445414,0.0805512347061999,0.0133205681314581,-0.0121505359555475,0.0763073280995155,0.5497812255652789,0.535560887308405,1680.076571018066
test_unseen,319,RIDGE_LatentReg_KP,0.3,3,-0.0036997767368978,-0.017119019777784,0.0078746892574225,0.1814961020779527,-0.0469582511044041,-0.0250138420065813,-0.086509667853923,0.2503055604531558,0.3711700350535366,281.032959496663
Combined,2099,RIDGE_LatentReg_KP,0.3,3,0.0029513153106821,-0.0028577784736021,0.0047589459544552,0.0958925461362091,0.0041595660655981,-0.0141054643168051,0.0172575021023177,0.5042677728874478,0.510577237061,1973.830987797947
test_seen,1780,MLP_Concat_KDP,0.3,3,0.0030449673053602,-0.0021301348217489,0.0042043001400388,0.0806706928381341,0.0108194109598408,-0.0120437872935245,0.0879838885832142,0.5497865811205964,0.5333605574061974,1687.2808448670992
test_unseen,319,MLP_Concat_KDP,0.3,3,-0.009618683665403,-0.0217286534392604,0.0078826757619851,0.181727023444917,-0.0492095976736251,-0.026040558226856,-0.1108414804879169,0.2501486712229291,0.3521968974781176,278.14097608329877
Combined,2099,MLP_Concat_KDP,0.3,3,0.0007140230670183,-0.0054877594110874,0.0047633291173618,0.096028944130923,0.0016963743928681,-0.0141709763967797,0.0158746878285434,0.5042484709455818,0.5058278239535737,1978.1180924766104
test_seen,1780,Ridge_Concat_KDP,0.3,3,0.0888197382047105,0.1878422464676686,0.0055616736616582,0.0786915689357801,0.0067714641029761,0.0048142946390483,0.1486758558437355,0.5532770642987971,0.5444007669155215,133.78620495375085
test_unseen,319,Ridge_Concat_KDP,0.3,3,0.1382113930412316,0.2049350306719903,0.0090230144862978,0.1800647344050999,0.0013935074159711,0.0063161483265639,0.0571908397444413,0.2529756657333002,0.5256222525707421,38.202627913960015
Combined,2099,Ridge_Concat_KDP,0.3,3,0.1021476545893702,0.1921846043821231,0.0060877183129494,0.0940979718822846,0.0059541376698391,0.0050425420551119,0.1154964309908224,0.5076381190189527,0.5415468621627894,168.63938232226454
test_seen,1780,KNN_KDP,0.3,3,0.1060495270847798,0.1445292725150589,0.0042573452789856,0.0799425693281693,0.011328494442956,0.0027528383047136,0.1857231171270768,0.5503414166514926,0.548015231199323,488.2923755035098
test_unseen,319,KNN_KDP,0.3,3,0.108892070778847,0.1473271052820752,0.0079304598994448,0.1811193588189642,-0.0197861946011011,-0.0009766696683183,-0.0178353323687592,0.2510347218279238,0.4339854944700281,75.53181839678312
Combined,2099,KNN_KDP,0.3,3,0.1055152715009039,0.1446342982125381,0.0048155747043913,0.0953191276166703,0.0065997732399764,0.0021860383793219,0.1118973414296433,0.5048536435935038,0.5306853188521838,573.631856088764
test_seen,1780,KRR_KDP,0.3,3,-0.0085665824254231,-0.0149852932329806,0.0042001323749563,0.0806643735591573,0.0118180647076066,-0.0219894439433455,0.0588864322012503,0.5497145489015756,0.5305432675314103,1771.8395736759842
test_unseen,319,KRR_KDP,0.3,3,-0.0198472484338031,-0.0361106746569961,0.0078759164497951,0.1816142735884097,-0.0514766965098896,-0.0432338687441047,-0.1207565454537144,0.2501875199846995,0.3575595207855817,296.54397497638087
Combined,2099,KRR_KDP,0.3,3,-0.0098549074152609,-0.0183624407929712,0.0047587674963825,0.0960064498380194,0.0021987084291972,-0.0252181106948663,-0.0062657744834728,0.5041932901000112,0.504253693823969,2081.2762450222326
test_seen,1780,RIDGE_LatentReg_KDP,0.3,3,0.0016673028060368,-0.0026286206128524,0.0042004450802048,0.0805621885556968,0.0132053174845261,-0.0133668230239359,0.0767073641944551,0.5497793511209178,0.5351428862158717,1698.249510256628
test_unseen,319,RIDGE_LatentReg_KDP,0.3,3,-0.0066928303408745,-0.0227721075266597,0.0078773655962643,0.1815267526617093,-0.0500716753930449,-0.0348771847554311,-0.0777249442310858,0.250224874563325,0.3636901542295842,282.558998624344
Combined,2099,RIDGE_LatentReg_KDP,0.3,3,0.001540948195556,-0.0056594357472636,0.0047592529147084,0.0959064934388878,0.0035886615874583,-0.0166359061074742,0.0206984636035019,0.504253920905638,0.5090859917405856,1990.7666679275217
test_seen,1780,BalancedKRR_lambda0.5_KDP,0.3,3,-0.0085202015484034,-0.0150021059914969,0.0042001635210766,0.0806664316383172,0.0117721710268776,-0.0221242127985741,0.0593701609283863,0.549715887790405,0.530465879757072,1771.405534597309
test_unseen,319,BalancedKRR_lambda0.5_KDP,0.3,3,-0.0004079953908772,-0.005610573050161,0.0078498942627508,0.1812365928012797,-0.0515672825990876,0.0920556861866916,-0.1209957479540402,0.2508479489347968,0.3571426436881221,296.543205734621
Combined,2099,BalancedKRR_lambda0.5_KDP,0.3,3,-0.0069119806456771,-0.013851727040168,0.0047548391316502,0.0959507962933839,0.0021460225244084,-0.0047714792224427,-0.0060442356029162,0.5042947956060606,0.504124711435969,2080.830962481933
test_seen,775,DNN_KP,0.5,1,-0.0007769766476916,0.0367688617604407,0.0034544775489042,0.0649151510878889,0.0173459838913409,-0.0043776617845895,0.1552077510120272,0.597513344163379,0.4954908331399396,608.4234426504302
test_unseen,338,DNN_KP,0.5,1,0.00568902082177,0.0478164640145265,0.007715862077403,0.185467358849548,0.0611356771935015,0.0194661135691128,0.2150263633250229,0.2947671448639904,0.5261855604273976,265.37743962666013
Combined,1113,DNN_KP,0.5,1,0.0012842883804712,0.041244067544356,0.0047485907300656,0.1015248961224269,0.0306442016237132,0.0028633050344143,0.2007838365838335,0.5055742468020193,0.5048123226486197,874.2732173120734
test_seen,775,Ridge_Concat_KP,0.5,1,-0.0121012759862188,0.1937515929218634,0.0055404046886919,0.0654727036270387,0.0065449868006857,0.0039846500842005,-0.0290501709941841,0.6010129960547691,0.5223137618937108,51.58402877830331
test_unseen,338,Ridge_Concat_KP,0.5,1,0.1089088833010742,0.2487799645058869,0.0097123421876434,0.1693845844786165,0.044966166901019,0.0385886969760765,0.2786873564249263,0.3161796006981397,0.6212299391256226,44.45057881462888
Combined,1113,Ridge_Concat_KP,0.5,1,0.0564347895120078,0.2176578058370151,0.006807354261599,0.0970290519898719,0.0182128743783251,0.0144933363820029,0.2054165165632333,0.5145137259464665,0.5523529963091521,87.50983663027908
test_seen,775,KNN_KP,0.5,1,0.0314185938578824,0.132514881083808,0.0035086171478893,0.0645964126751682,0.014945468919798,0.0031945096872517,0.0087214161394372,0.5981956370387561,0.4915502436760268,245.89605582264753
test_unseen,338,KNN_KP,0.5,1,0.1230726420839978,0.1725029812687116,0.0076914614272195,0.1768754644582593,0.088716237192532,0.0689018280832588,0.4021496818588546,0.2998595206674896,0.5639606657868972,119.39809184955004
Combined,1113,KNN_KP,0.5,1,0.0882096939883628,0.1483465093273664,0.0047788789326275,0.0986937347800063,0.037348451557879,0.0231487537284471,0.3084762852589933,0.5075958101443374,0.5135401113071807,361.3136834434384
test_seen,775,KRR_KP,0.5,1,-0.00414533500095,0.0031401966874418,0.0034283484917768,0.0646889930259302,0.0304773801098325,0.0054774882663802,0.2418887620375442,0.5975968902297517,0.4809677419354838,727.013213120112
test_unseen,338,KRR_KP,0.5,1,0.0475499458171782,0.0394007544814258,0.0077042771797303,0.1839873629083476,0.1012224739619813,0.0896485877816632,0.4349179310788737,0.2911487378144821,0.537309501511217,310.8606321643678
Combined,1113,KRR_KP,0.5,1,0.0230986849986934,0.0151152017310305,0.0047268784976423,0.1009179678868979,0.0519615146309702,0.0310388823689549,0.3889586051166523,0.504533569909571,0.498077818068995,1039.8037502995228
test_seen,775,RIDGE_LatentReg_KP,0.5,1,0.0006835628541847,0.0022997504713789,0.0034282846772647,0.0646982238458906,0.0302255026407624,0.0050815017057432,0.2729890363349972,0.5975690415409608,0.4805975864469714,729.2146802714004
test_unseen,338,RIDGE_LatentReg_KP,0.5,1,0.0458249756817246,0.039024722045039,0.0077020478835083,0.183927727262599,0.1015449182536814,0.0889143843710549,0.4266105892755001,0.2914813119918266,0.5364182027159337,310.8803485672287
Combined,1113,RIDGE_LatentReg_KP,0.5,1,0.022922628734945,0.0145010557018145,0.0047261570615507,0.1009062850811534,0.0518840493408223,0.0305401848511838,0.3900340290515708,0.5046151757839012,0.4975493998332331,1041.780476069324
test_seen,775,MLP_Concat_KDP,0.5,1,-0.0111789780783829,0.0415363635998749,0.003463756110878,0.0650591769521546,0.0168845861576362,-0.002923155318296,0.0802122592703385,0.597209329310745,0.4890914365281968,579.5494267534468
test_unseen,338,MLP_Concat_KDP,0.5,1,0.0386415152467183,0.0781102697587413,0.007688369907487,0.1848899629012912,0.0755589548403194,0.0390508470926904,0.2766124505867871,0.294684666468009,0.5706094887403687,253.75676908352165
Combined,1113,MLP_Concat_KDP,0.5,1,0.0149280822343845,0.0535488782632067,0.0047467026187431,0.1014498379142464,0.034703037743213,0.0098236666178346,0.229850500273347,0.5053375089685663,0.5138471433096111,834.3156026430302
test_seen,775,Ridge_Concat_KDP,0.5,1,-0.0036721823745907,0.195134407826138,0.0057854192724807,0.0657853909412611,0.0066385209199637,0.0042354880053236,0.0662414213748578,0.6016117428637734,0.5265212346252031,50.11145846270173
test_unseen,338,Ridge_Concat_KDP,0.5,1,0.1034171112351545,0.2376116321320032,0.0094766713304251,0.171620986364159,0.0368466172694897,0.0300166265095371,0.2722090685398542,0.3083015835852029,0.6096856242816399,44.39725681984971
Combined,1113,Ridge_Concat_KDP,0.5,1,0.0549679262093042,0.2147425814005034,0.0069063924940308,0.0979259401352768,0.0158122285265583,0.0120648005070524,0.2231691525481884,0.512538217404513,0.5517769073151182,85.44113821381137
test_seen,775,KNN_KDP,0.5,1,0.0544720659898387,0.1304709085443722,0.0035116237027551,0.0645169464945815,0.0152913531851173,0.0029617947555464,0.1496379883516612,0.598148062195405,0.4895242515664887,251.4263720502574
test_unseen,338,KNN_KDP,0.5,1,0.1230726420839978,0.1725029812687116,0.0076914614272195,0.1768754644582593,0.088716237192532,0.0689018280832588,0.4021496818588546,0.2998595206674896,0.5639606657868972,119.39809184955004
Combined,1113,KNN_KDP,0.5,1,0.0934116711196811,0.1467822042473289,0.0047809724456742,0.0986384011861566,0.0375892963967131,0.022986710537008,0.3420278500714276,0.5075626830072331,0.5121293800539084,367.2058898668447
test_seen,775,KRR_KDP,0.5,1,-0.0041934478362703,0.0019210049328517,0.0034282335260289,0.0646840883955151,0.0306778658181403,0.0056404763534377,0.2458390677474281,0.5975609190067301,0.4809526572290554,731.7966898611036
test_unseen,338,KRR_KDP,0.5,1,0.0474479215714224,0.039557192077717,0.0077051682158246,0.1839925674359729,0.1005033505168832,0.0878457603050059,0.4344486884610009,0.2911806649355072,0.5373706951598485,310.0640770489976
Combined,1113,KRR_KDP,0.5,1,0.0226725417610204,0.0142853743630881,0.0047270690382939,0.100916133243381,0.0518827299943982,0.0306048842381008,0.3895416359101502,0.5045182183094494,0.4980858978585326,1043.8879671907
test_seen,775,RIDGE_LatentReg_KDP,0.5,1,0.000119863157217,0.0006270828487955,0.0034280568767482,0.0646946888952543,0.0305382017933476,0.005242768039269,0.2754911603088466,0.597538872128104,0.480583662102576,735.7357999391305
test_unseen,338,RIDGE_LatentReg_KDP,0.5,1,0.0432086697870841,0.0367535806688104,0.0077065330454298,0.1840493321698022,0.0983871672524171,0.0819268048732801,0.4229076861185862,0.2914147971563577,0.5357317696138947,311.6351391231611
Combined,1113,RIDGE_LatentReg_KDP,0.5,1,0.0212784695828417,0.0127342221036979,0.0047273605110828,0.1009407530702742,0.0511428292193723,0.0285304629628052,0.3878085133067434,0.5045739688572592,0.4973312455157168,1048.2980011555896
test_seen,775,BalancedKRR_lambda0.5_KDP,0.5,1,-0.0036627804803699,0.0028184842931592,0.0034290710899074,0.0646790997082436,0.0305294843482007,0.0053012042590649,0.2459511511162556,0.5975516361104665,0.4810756556045485,728.2973761600339
test_unseen,338,BalancedKRR_lambda0.5_KDP,0.5,1,0.0391520955367498,0.0288473489460947,0.0077357405716027,0.1854494717534116,0.0991979573549119,0.0341606342408019,0.4295101542582673,0.2900578945127921,0.5375010642373674,307.2890944304958
Combined,1113,BalancedKRR_lambda0.5_KDP,0.5,1,0.0197004079571053,0.0111561850835697,0.0047369365749146,0.1013550976878184,0.0513829828893224,0.0140653438222519,0.3858056297006454,0.5041707873593307,0.498211134596366,1037.1205707745503
test_seen,1350,DNN_KP,0.5,2,0.0262020461526433,0.0496777327414378,0.0034207772366148,0.0634866630430602,0.0081516443380035,-0.0127796730071744,0.065703144927278,0.5669092536645407,0.5256873671254336,1038.6355939670043
test_unseen,306,DNN_KP,0.5,2,-0.0117943537323973,-0.0022973834673639,0.0075662922981815,0.2100398406705288,0.0319097034037775,-0.0463105983259253,0.2387301261184998,0.2347787453349919,0.5464960606599135,207.18101740747065
Combined,1656,DNN_KP,0.5,2,0.0209713572829857,0.0450625206521125,0.0041867963240782,0.0905671415177012,0.0125417204697226,-0.0189756048595523,0.1778854733919163,0.5055373119079937,0.5295324518002831,1249.6558195283585
test_seen,1350,Ridge_Concat_KP,0.5,2,0.0508811461872803,0.1986105410187619,0.0054291719946009,0.0630807042463849,0.0069799715788993,0.004902078310827,0.1139581781360606,0.5716562604900973,0.5307109768378651,107.77449481802492
test_unseen,306,Ridge_Concat_KP,0.5,2,0.098877853927784,0.2134725562248383,0.0095139118693268,0.1946153642555831,0.043725907815372,0.037331391984746,0.2760219489935198,0.2572477933771696,0.6556878541950517,40.91832688282805
Combined,1656,Ridge_Concat_KP,0.5,2,0.0688628938727918,0.2077029337910504,0.0061839608844959,0.0873860218567802,0.0137699815356388,0.0108944514897034,0.2190324911095782,0.5135590437409694,0.5538045302625626,140.9302760947919
test_seen,1350,KNN_KP,0.5,2,0.1076801092794272,0.1674302665502814,0.0034413708246262,0.0627234558525354,0.0151922524559268,0.0060165380422823,0.1235216580915678,0.5669817612174108,0.5072355376524561,250.09374466139784
test_unseen,306,KNN_KP,0.5,2,0.1520477764536988,0.229646429015965,0.0075481418457624,0.2033026197307012,0.0861948887516907,0.0629204980808248,0.3047568063814911,0.2399462907015777,0.7154809154276011,54.27014328912184
Combined,1656,KNN_KP,0.5,2,0.1164941631680935,0.1795871275841242,0.0042002306872275,0.0887000404821965,0.0283123048149267,0.0165314002233174,0.241025765224595,0.5065512938394852,0.545715661806559,305.58837744613487
test_seen,1350,KRR_KP,0.5,2,0.0148099549222502,0.0139819410729551,0.0033545088811278,0.0628600761531615,0.0320623926216245,0.0148465053546318,0.1058709590193482,0.5660405057625602,0.4698596844578717,1182.5324370801984
test_unseen,306,KRR_KP,0.5,2,0.1269652577721899,0.1579547238372265,0.007519895972937,0.2093545597777612,0.133982340522407,0.1356905297857915,0.3799696010919668,0.2357719724344924,0.8146634283119087,243.65303027848688
Combined,1656,KRR_KP,0.5,2,0.0388501235507598,0.0364221033421603,0.0041241999741795,0.0899297089968375,0.050895426472856,0.0371763794343026,0.283583265418079,0.5050126246041129,0.5335734197352482,1437.060794011806
test_seen,1350,RIDGE_LatentReg_KP,0.5,2,0.0136318276090779,0.0149296828662176,0.0033551699468775,0.0628854598684285,0.0314083928060676,0.0135173658932896,0.0934635732154524,0.5660293163253888,0.4693445227705046,1172.491039775455
test_unseen,306,RIDGE_LatentReg_KP,0.5,2,0.1286235518876404,0.1576832456111448,0.007519790736116,0.2093233316910537,0.1339126692559938,0.1315623401100151,0.390769284495095,0.2357917185000888,0.8097111150603242,239.0557187370756
Combined,1656,RIDGE_LatentReg_KP,0.5,2,0.0397565197927848,0.0373551161579751,0.0041247194405412,0.0899446318356527,0.0503494004109453,0.0353300241724671,0.286222221187968,0.5050071515098442,0.5322383496066669,1421.6718616051337
test_seen,1350,MLP_Concat_KDP,0.5,2,0.0162484077979747,0.0428188463009703,0.0034109347310221,0.0633683110006941,0.010988088908315,-0.0120243020260316,0.0179392614071359,0.5668125769273805,0.5134309052254671,1056.225654805952
test_unseen,306,MLP_Concat_KDP,0.5,2,0.0429701671777595,0.0511220273301308,0.0075500956167491,0.2086570176196283,0.0542779341712714,-0.0157480185933551,0.3450966412224302,0.2355547657129316,0.624364670339435,203.72849495342095
Combined,1656,MLP_Concat_KDP,0.5,2,0.0313598282666964,0.0468528568497885,0.0041757796772977,0.090215137223758,0.0189872994460352,-0.0127123800873848,0.2300522878807882,0.5056018944203629,0.5339295357356568,1266.6918191936452
test_seen,1350,Ridge_Concat_KDP,0.5,2,0.0450791274768415,0.1964282876620487,0.0055633883629623,0.0633656525880627,0.0065048925377855,0.0045216693119505,0.1185578115769721,0.5710377084032674,0.5267557345865503,103.75447182046078
test_unseen,306,Ridge_Concat_KDP,0.5,2,0.0948050033647155,0.2078559144988189,0.0092029069082873,0.1964826217355676,0.0374896593904812,0.0306084867013623,0.2475049837633337,0.2501076160575005,0.6531682562249472,39.89267541514265
Combined,1656,Ridge_Concat_KDP,0.5,2,0.062521372487131,0.2045776923205141,0.0062359080941636,0.0879633534087973,0.0122303385866532,0.0093420594817331,0.2021609232142835,0.5117354087306799,0.5501145701066888,135.1542353817613
test_seen,1350,KNN_KDP,0.5,2,0.1185061992179973,0.1678199944042909,0.0034403893103477,0.0627906593517223,0.0154606132702261,0.0062183353780527,0.2020012918748561,0.5669164149043303,0.5062983103949871,243.76612809564423
test_unseen,306,KNN_KDP,0.5,2,0.1520477764536988,0.229646429015965,0.0075481418457624,0.2033026197307012,0.0861948887516907,0.0629204980808248,0.3047568063814911,0.2399462907015777,0.7154809154276011,54.27014328912184
Combined,1656,KNN_KDP,0.5,2,0.1210137259172907,0.1798777243250591,0.0041994305397178,0.0887548259434902,0.0285310772178881,0.0166959089209563,0.2686229990824546,0.5064980223886042,0.5449516178466659,299.8089839638957
test_seen,1350,KRR_KDP,0.5,2,0.0145402515743001,0.0115522683315224,0.0033542715986291,0.0628626494908544,0.0322446353216493,0.0153833596738166,0.1149541546473509,0.56600783260602,0.4691601208459214,1197.5094930897756
test_unseen,306,KRR_KDP,0.5,2,0.1233438901482269,0.1533968858665316,0.0075234043140529,0.2093859740252837,0.1312044015135798,0.1297094425108025,0.3779782786805703,0.2356455976146753,0.8079675374681594,243.0765944644777
Combined,1656,KRR_KDP,0.5,2,0.0373566393645579,0.0336574045499081,0.0041246548177835,0.0899376116330859,0.050530679074506,0.0365088315023901,0.2854862790205371,0.5049626370097932,0.5317658391348132,1452.1317643695506
test_seen,1350,RIDGE_LatentReg_KDP,0.5,2,0.0114879271462682,0.0110075901330685,0.0033549859197991,0.062895942992376,0.0315389700131272,0.0137267973482732,0.0955823141767469,0.5659979859013091,0.4673528029540114,1193.48323494604
test_unseen,306,RIDGE_LatentReg_KDP,0.5,2,0.1284517067383455,0.1567866264662115,0.0075199634808262,0.2094176769814991,0.1314952294392402,0.1248286605171484,0.394998894864527,0.2356850897458681,0.811902928341528,240.03608097005417
Combined,1656,RIDGE_LatentReg_KDP,0.5,2,0.0383618995334177,0.0343222051469279,0.0041246013386846,0.0899706112294966,0.0500091483853437,0.0342564894555654,0.2897095478094834,0.5049619072638907,0.5310196739495309,1439.8862940213614
test_seen,1350,BalancedKRR_lambda0.5_KDP,0.5,2,0.0177290383835145,0.0127747145945987,0.003354692288369,0.0628863652554372,0.0317627096244769,0.0144658245954103,0.1336367369658041,0.5659778449144008,0.4655553317668121,1178.2941958117203
test_unseen,306,BalancedKRR_lambda0.5_KDP,0.5,2,0.1072886919242371,0.1299716460225175,0.0075499632559612,0.2107593615248431,0.1266622053113741,0.0374768512784717,0.3758547241993542,0.2338368580060423,0.7979246885058151,240.42619065453675
Combined,1656,BalancedKRR_lambda0.5_KDP,0.5,2,0.0356056830478783,0.030075129327608,0.0041299054019458,0.0902107232617404,0.0492984860014036,0.0187178621346716,0.2906791682490948,0.5046039668987259,0.5269714085555409,1429.505588773898
test_seen,1040,DNN_KP,0.5,3,-0.0112611270817865,-0.0183162394234434,0.0045474464127638,0.0802595790310186,-0.0057026869690723,-0.0134739968857422,0.2336402873809291,0.5658342302027869,0.4118138948680185,1022.5327826103154
test_unseen,319,DNN_KP,0.5,3,0.0029354394243761,0.0088662594802635,0.0077052130585566,0.1809650846831059,0.0931248097993179,-0.0083162037138915,0.1141716185569487,0.3007326835979519,0.7609360067589716,294.18256037255395
Combined,1359,DNN_KP,0.5,3,-0.0078375618976353,-0.011234978739383,0.0052886734620706,0.1038983253908536,0.0174952316984158,-0.0122633007696124,0.1801391009075813,0.5036065676811222,0.493763824002098,1340.5752893047904
test_seen,1040,Ridge_Concat_KP,0.5,3,0.0845864028958147,0.2018836417010852,0.0062789573812877,0.0770828336375264,0.006051801654129,0.0064448959557427,0.2610614739766005,0.5702227540500737,0.4751147048827461,74.2647180999023
test_unseen,319,Ridge_Concat_KP,0.5,3,0.0673378002444512,0.1662649677499426,0.0095257464247258,0.182268455723696,0.0283185372165056,0.0174286363791588,0.1467773341660406,0.3184957594840282,0.7307330067728219,35.686866784396344
Combined,1359,Ridge_Concat_KP,0.5,3,0.0856778797210833,0.1987715509973434,0.00704108078442,0.1017732040904241,0.0112785041150548,0.0090231249440207,0.2098820548440453,0.5111345191225031,0.5351163519047727,112.57198227708724
test_seen,1040,KNN_KP,0.5,3,0.0792975876912765,0.1153473164824155,0.004596089237204,0.0783621832447853,0.0094115860072301,0.0123249266589326,0.2735815953027756,0.5679647671915714,0.4243464653902798,415.233683095606
test_unseen,319,KNN_KP,0.5,3,0.0928348964707516,0.1453389068077264,0.0077457973620284,0.1804724579320694,0.0604835205292571,0.0134203776613341,0.183322599475461,0.3027432929672531,0.7740822987890176,115.90535106359116
Combined,1359,KNN_KP,0.5,3,0.0813793275165572,0.1195486348090887,0.0053354246984395,0.1023306730352516,0.0213997737280002,0.0125820634284441,0.2331612623888043,0.5057089538894687,0.5064404542454655,553.4863935051688
test_seen,1040,KRR_KP,0.5,3,-0.000344842978274,-0.0105812832349461,0.0045431498753615,0.0799164416183901,-0.0012019987968827,-0.0051070334853583,0.2669667422350151,0.5660289452815226,0.4143458989464144,1001.3591289685104
test_unseen,319,KRR_KP,0.5,3,0.0249712243568469,0.0255351720250081,0.0076896775305048,0.1807361238790549,0.1096268977931488,0.0369201269269814,0.1779490033499951,0.3016629655449421,0.7655366318715057,288.73209585167956
Combined,1359,KRR_KP,0.5,3,0.0063447588733937,-0.001759997368589,0.0052817387804319,0.1035819888157058,0.0248130254946698,0.0047580615636014,0.2271022765604191,0.5039739434154672,0.4967813984336139,1313.8997323392691
test_seen,1040,RIDGE_LatentReg_KP,0.5,3,-0.0005414940188485,-0.0086340378132602,0.0045432032350071,0.0798787145420924,-0.0004453427498015,-0.0049807044900544,0.2576739129187547,0.566106831313017,0.4145937181375325,992.5883612836124
test_unseen,319,RIDGE_LatentReg_KP,0.5,3,0.0257591112891827,0.0262057047633972,0.0076889579913497,0.1807416496972741,0.1086997794277047,0.0338717356457826,0.1813748306526582,0.3017460676543506,0.7653334933818403,286.6494969765364
Combined,1359,RIDGE_LatentReg_KP,0.5,3,0.0068574700748739,-0.0001409166558827,0.0052816107164444,0.1035544145527642,0.0251744467826668,0.0041391839597851,0.223505193469155,0.5040530538243381,0.4969233636878888,1303.0555316964055
test_seen,1040,MLP_Concat_KDP,0.5,3,-0.0075904881147672,-0.0145810584994434,0.0045404868464791,0.079838846518725,-0.0013602199386533,-0.0032963370448599,0.237361758905735,0.5664679392772176,0.4131712359805143,1023.9203867576902
test_unseen,319,MLP_Concat_KDP,0.5,3,0.0136906356204145,0.0141927421538192,0.0076997627100268,0.1808408133327271,0.100762194545601,0.0101102845973823,0.1583135215557981,0.301039699724378,0.7643408848527938,296.0621591239893
Combined,1359,MLP_Concat_KDP,0.5,3,-0.0014052682892595,-0.0075639172014125,0.0052820681566128,0.1035471816281192,0.0226111194435961,-0.0001493817072033,0.2019618960925024,0.504163591655911,0.4956017863780546,1343.9253766430625
test_seen,1040,Ridge_Concat_KDP,0.5,3,0.0845895246116232,0.2080187418245397,0.0064559199441994,0.0756717914003056,0.0068866448721453,0.0073574772596033,0.2668498436325229,0.5713917525773197,0.4803422737056758,73.7197198278513
test_unseen,319,Ridge_Concat_KDP,0.5,3,0.0763689991250715,0.1663374228735633,0.0092662322517807,0.1817715097160437,0.0272216216827436,0.0154943584287291,0.18146077243495,0.316014238161412,0.7313862816884501,35.61054534224495
Combined,1359,Ridge_Concat_KDP,0.5,3,0.0894294953981857,0.2029489050506359,0.0071155885432564,0.1005767289593346,0.011659902857856,0.0092674589321207,0.2286103900092619,0.5114466259410616,0.5392701902226037,112.2037346190956
test_seen,1040,KNN_KDP,0.5,3,0.0798142544009869,0.1146666528097911,0.0045977798901426,0.0781487755356026,0.0091381004364785,0.0115372962967262,0.2798902453170673,0.5678266964993769,0.4227710433896001,417.50710255894575
test_unseen,319,KNN_KDP,0.5,3,0.0928348964707516,0.1453389068077264,0.0077457973620284,0.1804724579320694,0.0604835205292571,0.0134203776613341,0.183322599475461,0.3027432929672531,0.7740822987890176,115.90535106359116
Combined,1359,KNN_KDP,0.5,3,0.08144193559696,0.1188908055742328,0.0053367185020128,0.1021673588207187,0.021190483813665,0.011979314659721,0.2366447343532175,0.5056032927269358,0.5052348332883596,555.6884736948564
test_seen,1040,KRR_KDP,0.5,3,-0.0011647437591406,-0.0113212343517403,0.004543073259046,0.0799281187321197,-0.001286594920549,-0.0056145763168382,0.2648139560678001,0.5660246969525321,0.4144202447037498,1004.5693507079436
test_unseen,319,KRR_KDP,0.5,3,0.0242058217220789,0.0248783629064689,0.0076906137999691,0.1807415779643346,0.1086171058633586,0.0331385460204928,0.1765508487785542,0.3016214144902378,0.7655089311683695,288.57759838455536
Combined,1359,KRR_KDP,0.5,3,0.0055737382877986,-0.0024830468789526,0.005281899920234,0.1035922051891297,0.0245112568455043,0.0034819991251107,0.2252874341078334,0.503960938964694,0.4968317906803603,1316.9379224286813
test_seen,1040,RIDGE_LatentReg_KDP,0.5,3,-0.0018961355207781,-0.0103453224365844,0.0045433124290706,0.0799087355582368,-0.0007627397982418,-0.0066581093285774,0.2561778981766905,0.5660742607907556,0.4144967146255806,998.8890817648664
test_unseen,319,RIDGE_LatentReg_KDP,0.5,3,0.0204703799488937,0.0210958124078315,0.0076943223158755,0.1807841182373205,0.1023757995119572,0.0141495557086419,0.1734595094505988,0.301487527758413,0.7642647079191693,287.1496574361666
Combined,1359,RIDGE_LatentReg_KDP,0.5,3,0.0045171818153907,-0.0024148667335305,0.0052829534547445,0.1035873573938716,0.0234471160074635,-0.0017738965641381,0.2191344458341364,0.5039674411900805,0.4965982524185569,1308.5010442541625
test_seen,1040,BalancedKRR_lambda0.5_KDP,0.5,3,-0.0138201488333377,-0.0229266391637338,0.0045458682399439,0.0802474695328717,-0.0049987193011983,-0.0308156058367146,0.2348202096061052,0.5657372266908348,0.4123498923756655,1027.7977157255657
test_unseen,319,BalancedKRR_lambda0.5_KDP,0.5,3,0.0013954064492851,-0.0009138437960324,0.0077528534386757,0.1811619225771623,0.1066521149187843,-0.0472464317836576,0.1384986855007116,0.2942853449430058,0.7624803209588136,296.5670005051984
Combined,1359,BalancedKRR_lambda0.5_KDP,0.5,3,-0.0097376899764194,-0.0174739306667165,0.0052986484300804,0.1039352624108178,0.0212092395775172,-0.0346724369456733,0.1916849183762985,0.5020189409825514,0.494536505118877,1348.2238121842047
test_seen,2421,DNN_KPDP,0.1,1,-0.0164876889066549,-0.0170236877746647,0.0039632022685704,0.0613737752008939,0.0182953493517986,0.0274779895989421,0.1696763570586855,0.5409708200454149,0.4945802964692252,2079.509952847179
test_unseen,338,DNN_KPDP,0.1,1,0.0022480526849952,0.0140107460612234,0.0078370289467488,0.1830792189400999,0.0829776322876513,0.0194916229166441,0.1762042124770231,0.2503572179480028,0.5148347357445366,296.8664559425498
Combined,2759,DNN_KPDP,0.1,1,-0.0137690556751331,-0.0119762532418296,0.0044377776282022,0.0762836845825002,0.0262194565037806,0.0264995945505127,0.172597914728431,0.5053682837971636,0.4970616304580093,2381.271049599443
test_seen,2454,DNN_KPDP,0.1,2,-0.0297814257290493,-0.050651888325261,0.0042281386632636,0.0583914543495516,0.0013369875806485,0.1121129772278101,0.1388202624291972,0.5316474822120272,0.4607220113591349,2390.644051910181
test_unseen,306,DNN_KPDP,0.1,2,0.0035559317144431,-0.0117384508321328,0.0072680445107933,0.2061267017229416,0.2052335081264892,0.0110623141497313,0.3031363957453087,0.2939233927230431,0.792349221916627,275.6498468946736
Combined,2760,DNN_KPDP,0.1,2,-0.0205408673667588,-0.0431344946172232,0.004565171702881,0.0747707969931231,0.0239429061629047,0.1009095341474144,0.2128252385028657,0.5052911157686831,0.4974893760079004,2688.301440112064
test_seen,2343,DNN_KPDP,0.1,3,-0.0144680684825821,-0.0165487058283845,0.003939331139087,0.0713741751264369,0.0021057116471142,-0.0075342478658977,-0.0473347375570543,0.5427577135343463,0.4680668251019331,2211.6800411148265
test_unseen,319,DNN_KPDP,0.1,3,0.0070036351146473,0.0132444236479078,0.0077556514557626,0.1784125894204282,0.1351067524416201,0.0028132913375868,0.2359087499651797,0.2236189991506245,0.7930881336005156,290.1323281006357
Combined,2662,DNN_KPDP,0.1,3,-0.010637270315998,-0.0118083792443989,0.0043966587803415,0.0842010925418326,0.0180438528993484,-0.006294253498538,0.0464725911078655,0.5045138180090243,0.5070156595914327,2518.6778828485058
test_seen,1801,DNN_KPDP,0.3,1,0.0232255655980401,0.0512313315071025,0.0037769765174475,0.0739692449213606,0.013397396867631,0.0128599643504867,0.025282341741429,0.5497977165788261,0.5139354552532659,1265.9603407267198
test_unseen,338,DNN_KPDP,0.3,1,0.0732241620006253,0.1052893796428103,0.0077159502756275,0.1837280128318913,0.0589839241797496,0.0618771096124399,0.2062531974413609,0.2767960434183359,0.567383109802337,239.61553539699645
Combined,2139,DNN_KPDP,0.3,1,0.0340365841758795,0.0610941653550645,0.0043994043483334,0.0913130801498596,0.0206008780417759,0.0206055441066999,0.1117161832697547,0.5066586022598707,0.5223811341862187,1505.5872850080832
test_seen,1655,DNN_KPDP,0.3,2,-0.0169942782114684,-0.0320092356678812,0.0041372443417601,0.0744969139116841,-0.0420204088840103,0.0034589374696262,-0.0974186483076783,0.5486296935692706,0.5112392872556878,1613.2253690926616
test_unseen,306,DNN_KPDP,0.3,2,-0.0271852351011548,-0.0420542540268029,0.007880782368111,0.2118811596878797,-0.0948958538352269,-0.005751960060041,0.0457125339189167,0.2644341069761238,0.4603257969854609,281.4435838760207
Combined,1961,DNN_KPDP,0.3,2,-0.0196901450319415,-0.0335078641860346,0.0047213966294008,0.0959347411465214,-0.0502712432313189,0.0020216429035485,-0.0295894133569224,0.504283008460906,0.5032946018795076,1906.242641714176
test_seen,1780,DNN_KPDP,0.3,3,-0.0097542988849322,-0.0170452930092465,0.0041985791418553,0.0805182887535978,0.0094706014969517,0.0114145291506509,0.0615558346809929,0.5494553400242072,0.5033793554053619,1753.2463797192054
test_unseen,319,DNN_KPDP,0.3,3,0.0260704183968077,0.0283049571162652,0.0078420064795056,0.1810974531435408,-0.0395304084172644,0.0208367380453538,-0.0867407533221051,0.25205226054968,0.5077682581709406,294.54678303174506
Combined,2099,DNN_KPDP,0.3,3,-0.0014481815953673,-0.0078930839707283,0.0047522967791638,0.0958040216932794,0.002023568546673,0.0128464894352675,0.0077722129756439,0.5042568729673352,0.5040463682601594,2060.630904169471
test_seen,775,DNN_KPDP,0.5,1,-0.008049721386202,0.0468796830302205,0.0034575176392644,0.0648857137433334,0.0139392050650683,0.0136259988382043,0.0798702142202474,0.5975284288698074,0.4859108841958691,570.3398849585236
test_unseen,338,DNN_KPDP,0.5,1,0.0144056113432621,0.0780008607421854,0.007707276309415,0.1858755110839866,0.0616739998635771,0.0322719037540456,0.1601866373230379,0.2961852411561875,0.5599165637903878,243.1875590679876
Combined,1113,DNN_KPDP,0.5,1,-0.0004696240794215,0.0565449879787224,0.0047481002363092,0.1016283476167753,0.0284354859652444,0.0192884569348389,0.1410636794414211,0.5060154033107745,0.508385205582165,816.2100342442732
test_seen,1350,DNN_KPDP,0.5,2,0.0127990748321793,0.0508668902545345,0.0034350919653171,0.063060330838636,-0.0001045905294813,-0.0036650943661452,-0.0280166827125109,0.5665959494237439,0.5168633769721384,1028.8705228641447
test_unseen,306,DNN_KPDP,0.5,2,-0.0584405085404577,-0.0516734968767232,0.0075389588111052,0.2108876215115325,-0.0021630745854406,-0.0587512747279518,0.1703643434552733,0.2347688723021938,0.4831230377347313,222.3047494836584
Combined,1656,DNN_KPDP,0.5,2,0.002686641469198,0.0380315974536224,0.0041934151868214,0.0903762432455843,-0.0004849625832999,-0.013844062476479,0.1006039826050634,0.5052800764773705,0.510628749069574,1255.3770738393555
test_seen,1040,DNN_KPDP,0.5,3,-0.0131446376233237,-0.0131514107298096,0.0045539627680886,0.0803284305072925,-0.0044207613987682,0.0149308001195875,0.2022315954842372,0.5655085249801746,0.4119165628186246,1026.1212789821486
test_unseen,319,DNN_KPDP,0.5,3,-0.0002525762060738,0.0078172331575812,0.0077022130755277,0.1809089548739643,0.0900201361818667,-0.007246877060832,0.0990557706718602,0.3018337865476152,0.7609637074621076,296.6343899499548
Combined,1359,DNN_KPDP,0.5,3,-0.0092966923916669,-0.0075766337763102,0.0052929560337789,0.1039378398325083,0.0177474846116972,0.0097250024591358,0.1560267695899989,0.5036157791670866,0.4938488947842399,1346.7429807368824
test_seen,1655,Presage_KP,0.3,2,-0.0209445490701197,-0.0337509262035664,0.0042061724131775,0.074899628503796,-0.0369169590029794,-0.0286492293332019,-0.1099155496232182,0.5484823355324002,0.5093085270361922,1551.1559603570752
test_unseen,306,Presage_KP,0.3,2,-0.0227417671866382,-0.0344741062339113,0.0079657061218563,0.2118847123121573,-0.0763830620866123,-0.0305198694254972,0.0377251021928405,0.2647942510337468,0.4731275843670801,269.1836989279832
Combined,1961,Presage_KP,0.3,2,-0.0219664767551223,-0.0334981428014532,0.004792820712441,0.0962751693734332,-0.0430753616259226,-0.0289411293170073,-0.039949296955367,0.5042148424897751,0.5036627501587071,1831.2597737105132
test_seen,1040,Presage+,0.5,3,-0.0024687830643451,0.0055917022967357,0.0045830911943318,0.0801270867951608,-0.003122965647874,-0.0077613319624159,0.1997759413306205,0.5660225727880367,0.4126763056531097,909.610723130938
test_unseen,319,Presage+,0.5,3,0.0089408108368564,0.034178111595408,0.0077204872653891,0.1812189064784808,0.0649128924095009,-0.0004510175946983,0.0745748071727972,0.3040452260146537,0.7605966731455533,259.4173907195941
Combined,1359,Presage+,0.5,3,0.0002617980978801,0.0127314647080291,0.0053195366297014,0.1038565131961755,0.0128471879358659,-0.0060453714890517,0.143707607338204,0.5045282581296783,0.4943441476178554,1192.3170192432262
test_seen,1780,Presage+,0.3,3,0.0071765630596374,0.0096234424221446,0.0042214207195916,0.080743259321846,0.0074599214431073,-0.0090688266343176,0.0706638005612281,0.5497881877871916,0.5322974796756675,1583.120874567949
test_unseen,319,Presage+,0.3,3,0.0070965928614381,-0.0113789267979321,0.0079072511095683,0.1817187328480732,-0.0404704206023442,-0.0198919422911292,-0.0224922129571171,0.2498573055096509,0.3477367607902435,262.60566025170056
Combined,2099,Presage+,0.3,3,0.0098189441103572,0.0060473491384544,0.0047815826511793,0.0960892221874327,0.0001756055248133,-0.0107136927107935,0.0368783449542226,0.5042055525101381,0.5042484709455817,1857.5950200303505
test_seen,1801,Presage+,0.3,1,0.0291999348911498,0.0242308733295939,0.0037412099949548,0.0740248103885579,0.0196365200571639,0.0137342854611354,0.1794047433733863,0.5488526538369444,0.5210832875821508,1529.8255071075348
test_unseen,338,Presage+,0.3,1,0.0148298207477722,0.0154326986680622,0.0077964399555322,0.184878919254378,0.0157160314564941,0.0149790798713883,0.2345817306376407,0.2679548989543953,0.4269294424363864,281.548014292681
Combined,2139,Presage+,0.3,1,0.0239167312320897,0.0225377620797905,0.004382008371147,0.0915417289470652,0.0190170132095593,0.0139309850921151,0.2057579313204929,0.504465818329557,0.5062053073767894,1815.3909518191977
test_seen,1040,Presage_KP,0.5,3,0.0015366697229386,-0.0074358160581493,0.0045775287218061,0.0803066747322683,-0.0059269725201484,-0.0139757962466369,0.2759188209609438,0.5653060212982893,0.4117685793587855,964.0939843609842
test_unseen,319,Presage_KP,0.5,3,0.0271818664058891,0.0321125929857603,0.0076833468651881,0.1807136103880726,0.0932720185984656,0.0302130977052829,0.1799344420293375,0.3048046869589706,0.7642531659595293,276.8496563640404
Combined,1359,Presage_KP,0.5,3,0.0083779849230581,0.0025355826635705,0.0053065618253667,0.1038753373328581,0.0173581475437498,-0.0036032744139199,0.2329345121350506,0.5041581731347553,0.4945077869567525,1263.7271729974077
test_seen,2421,Presage_KP,0.1,1,-0.0101405706133203,-0.0107060150644559,0.0039482371439465,0.0612265243586631,0.0191110144711372,0.0177060438379156,0.1815243661729429,0.5407719318424506,0.4958214007899815,1984.228044830766
test_unseen,338,Presage_KP,0.1,1,0.0205831831792835,0.0322233780902823,0.0078961125336088,0.184418938419615,0.075604824005462,0.0119216417027824,0.2332525878066275,0.2471787291193773,0.5220445310253978,265.1772602206252
Combined,2759,Presage_KP,0.1,1,-0.0040684899006244,-0.0046082374443956,0.0044318840746119,0.0763185997311175,0.0260319668533778,0.0169974074038181,0.2046754583726339,0.5048043702185293,0.4990339480968213,2254.0945445571256
test_seen,1801,Presage_KP,0.3,1,0.0278758572348591,0.0321047094157964,0.0037439896158309,0.0742663578454394,0.0180785902149124,0.0119025159484615,0.1354109064579343,0.548633463687412,0.5229840609286287,1456.481464730931
test_unseen,338,Presage_KP,0.3,1,0.0519207878941501,0.0600077338881999,0.0077872296344401,0.184798394893451,0.02666710630428,0.0283863791468911,0.2832214736156128,0.2696362247524369,0.5169806986565999,267.47704039073284
Combined,2139,Presage_KP,0.3,1,0.0329774039773408,0.0369323207607697,0.0043828933681871,0.091732383335027,0.0194357283346909,0.0145072591747678,0.2060069982347359,0.504546943462998,0.522035423038051,1727.9392310954393
test_seen,775,Presage+,0.5,1,0.0068285771915642,0.0808286357994052,0.003452901756456,0.0656195928456855,0.0016554294051067,0.0017618881778207,0.0514034071108777,0.5974344395451381,0.5042979809700626,448.5540360447703
test_unseen,338,Presage+,0.5,1,0.0461422236303356,0.1398114369695053,0.0076943255061378,0.1853472268553181,0.0580631166249126,0.035719204943206,0.1251528675347925,0.2976671916904346,0.6149163509429143,182.2505380265564
Combined,1113,Presage+,0.5,1,0.0196389761250667,0.1003314006564444,0.0047409531736999,0.1019789282412433,0.018785526691984,0.0120741730535621,0.1075934721957651,0.5064000012927663,0.5378909810157265,628.0362261400793
test_seen,1780,Presage_KPDP,0.3,3,0.0260189915411325,0.0560244902283768,0.0041931614368561,0.0804454181005655,0.0131354313658416,0.0281855028284539,-0.0184228139960856,0.5510052377331005,0.5355576739752145,1265.3790298168742
test_unseen,319,Presage_KPDP,0.3,3,0.0922787978196101,0.1120135192771433,0.007790477648292,0.1803999728443532,0.0038069472664289,0.0690196669085059,-0.013974458686855,0.2559296658109977,0.5794606596519748,222.7371962880764
Combined,2099,Presage_KPDP,0.3,3,0.0443290269599537,0.0676854558757869,0.0047398712374507,0.0956362246576251,0.0117177151068074,0.0343913619716348,-0.0168095020353435,0.506160498598679,0.5422299238231832,1493.3124299478295
test_seen,2421,Presage+,0.1,1,-0.0132777517613946,-0.0034157791644523,0.0040712389703362,0.0611963990365391,0.0158070733019345,-0.0052501977631754,0.1600272352811999,0.5408525055270851,0.495324330047784,1825.685011834268
test_unseen,338,Presage+,0.1,1,0.017443565126085,0.0448256857180485,0.0079688168885432,0.1855089430864901,0.0738357414953298,0.0086283630389908,0.171825312950438,0.2498541091864012,0.528110799782022,246.528265368519
Combined,2759,Presage+,0.1,1,-0.0090137374549528,0.0032299756215899,0.004548724050566,0.07642569946745,0.0229160583868811,-0.003549960883461,0.1653074938184813,0.5052028288459866,0.4993409399681075,2076.649759002341
test_seen,1040,Presage_KPDP,0.5,3,0.0182594423281212,0.0367211075114178,0.0045336295857606,0.0801402138642447,-0.0007345053426211,0.0372920041712724,0.197385445073354,0.5680638948680186,0.4192937861107964,815.9415518502902
test_unseen,319,Presage_KPDP,0.5,3,0.0090981661125397,0.0325626611854466,0.007699275524132,0.1802129043119648,0.0809216160447385,0.0024764285724751,0.064621280940122,0.3042252805850388,0.7574434097718847,260.4367565164143
Combined,1359,Presage_KPDP,0.5,3,0.016609646178787,0.0375326975163917,0.0052767061526042,0.1036304186124586,0.0184327519955449,0.0291196946672133,0.1379301889615153,0.5061326822438313,0.4986681274999702,1093.6083171007615
test_seen,775,Presage_KP,0.5,1,-0.022715939617743,0.0176003717292318,0.0034542046018383,0.0645886038138766,0.0246108791010294,0.0074157871110355,0.0922299172019239,0.5974947783708516,0.4793931306567649,671.6865149093758
test_unseen,338,Presage_KP,0.5,1,0.0389362016812829,0.0482359916961786,0.0076627629484424,0.1841850006900075,0.0879689487858518,0.0621330356298341,0.3659822826942522,0.2967120386531012,0.5335394406368397,286.8987392044575
Combined,1113,Presage_KP,0.5,1,0.0139346806252269,0.0284516465619124,0.0047322753306363,0.1009080846262147,0.0438516945129521,0.0240325256549295,0.3008031480532218,0.5061519517539607,0.4958364844512529,957.196692070242
test_seen,1350,Presage_KP,0.5,2,0.0406918494169101,0.0551375693023837,0.0034205303863366,0.0633309463177913,0.0109871948538115,-0.0047874573185906,0.1456189247142663,0.5670703815598075,0.5121991719816493,982.7091138433344
test_unseen,306,Presage_KP,0.5,2,0.0734172579650452,0.1115119780596481,0.007478183229703,0.2099685966716455,0.0797786563415661,0.0414980134136738,0.2748638491107693,0.2383113164701933,0.6813360187982545,178.44546180198213
Combined,1656,Presage_KP,0.5,2,0.044634279000995,0.067008281977001,0.0041703140639152,0.0904270338831774,0.0236986605635053,0.0037652927080234,0.2294150844878232,0.506321423880205,0.5434527197629786,1160.470294545046
test_seen,2454,Presage_KP,0.1,2,-0.0351890051670843,-0.068890307817368,0.0042728173726878,0.0586142612999559,0.0024039847290808,0.0462395553227338,0.1889643479277543,0.5312074907548624,0.4598814637314997,2363.985096252285
test_unseen,306,Presage_KP,0.1,2,0.0203218566659937,0.0129175006425139,0.0072836479845898,0.2053384800452707,0.2052229705132095,0.0280228208601393,0.313256759452888,0.3051226289718496,0.8051072307623061,269.9089837873221
Combined,2760,Presage_KP,0.1,2,-0.0248781323505326,-0.0561897277515323,0.0046066268535726,0.0748815116391104,0.0248904375007994,0.0442198738931853,0.2449433729657916,0.5061415604267457,0.4981564944240457,2655.624377312168
test_seen,2454,Presage+,0.1,2,-0.0232329231775267,-0.0461978022985339,0.0041767907020175,0.0580460706076807,0.0039092144599108,0.1034055404754977,0.1522760730941343,0.5326146067711125,0.4616284321622972,2328.645522406284
test_unseen,306,Presage+,0.1,2,0.0084068874912821,-0.0055445356919001,0.0073366974922449,0.2056311659877283,0.1839865342190936,0.0075159438677229,0.3377184127513002,0.2904682713969966,0.7930622774662602,266.23408650003944
Combined,2760,Presage+,0.1,2,-0.0132691419056378,-0.0386845099820306,0.0045271281939775,0.0744087659650338,0.0238743086071245,0.0927743025907226,0.2357959054588121,0.5057679478491997,0.4983743584894758,2616.7122522200257
test_seen,1655,Presage+,0.3,2,-0.012590190733107,-0.0292489297852963,0.0041795713805102,0.0746752404642877,-0.0326289634077189,-0.0079733051234777,-0.0718270409576218,0.548384302361428,0.5065990504963314,1549.2957757872832
test_unseen,306,Presage+,0.3,2,-0.0145012798898491,-0.0216962706085973,0.0079183063324105,0.2117457112807466,-0.0645268467466966,0.0038701562481271,0.0236866855662229,0.2649559823929571,0.4847138855542217,269.1443218032708
Combined,1961,Presage+,0.3,2,-0.0153250343932234,-0.0277481048309156,0.0047629741827955,0.0960641053647652,-0.0376063995636226,-0.0061252178314271,-0.0265635079061612,0.5041573437125997,0.5031840273080166,1829.541110113388
test_seen,2343,Presage_KP,0.1,3,0.0426917007061183,0.0856927896679646,0.0041488833609364,0.0714556931208515,0.0035859778408852,-0.00417408190878,-0.0490829840153331,0.54232192833587,0.4626462153972197,998.9741013617654
test_unseen,319,Presage_KP,0.1,3,0.0482247606608046,0.1248216618032536,0.0079284345581891,0.1784261905214186,0.0805202705280353,0.0202009647554196,0.1271799063876036,0.2276067050004771,0.7850738461864692,119.39533540191545
Combined,2662,Presage_KP,0.1,3,0.0424521540521837,0.0915235317407529,0.0046018047854005,0.0842744717349691,0.0128053765513288,-0.001253105242409,0.0092934716486619,0.5046081205808022,0.5012842372686587,1133.1531489538663
test_seen,1780,Presage_KP,0.3,3,0.0071912129198351,0.0102844760390134,0.0042185389301974,0.0806989741175286,0.0089646188826848,-0.0036879408220113,0.065531874579594,0.5497407911226314,0.5256525744154411,1563.2573724757233
test_unseen,319,Presage_KP,0.3,3,0.0041511879628893,0.0045457294382033,0.0078934347305667,0.1819860071145305,-0.033338569103415,-0.0071609646049758,-0.1511155761850548,0.2502159094644549,0.3818026423134736,258.953750403037
Combined,2099,Presage_KP,0.3,3,0.0063217347482603,0.0095456392177886,0.0047770390542173,0.096092286897921,0.002535501699471,-0.0042157610158016,-0.0130409684794159,0.504219858655286,0.5037906743008497,1833.6836139327088
test_seen,2454,Presage_KPDP,0.1,2,-0.0059190788732629,-0.0077521860035971,0.0039133465690387,0.057310923886028,0.0005929425194482,0.2364410834575726,0.053900666660104,0.5354363713864649,0.4590710464352716,2365.514412825563
test_unseen,306,Presage_KPDP,0.1,2,-0.0168356609391109,-0.0084839966385544,0.0072635722708457,0.207716494730631,0.2045205024787073,0.0304302681878684,0.1638089639305,0.2816794471805878,0.7962461534088083,275.2243265382272
Combined,2760,Presage_KPDP,0.1,2,-0.007099663988588,-0.0073965442976306,0.0042847846359782,0.0739863241318427,0.0232023024279747,0.2136007539385402,0.1034013501635648,0.5073024515288569,0.496453503947555,2661.400627464452
test_seen,2343,Presage+,0.1,3,0.0706221642713301,0.120552651522482,0.0041947261932641,0.0714575863965164,0.0029575380476458,0.0058800466840482,0.0140602123600577,0.5434039331017593,0.4840216638333411,716.9208570209555
test_unseen,319,Presage+,0.1,3,-0.0032279767879453,0.048540094414988,0.0080818450775844,0.179830735627649,0.0480818982092997,-0.004797098798501,0.1482259321232064,0.2221794196680485,0.6890402292960315,82.03234100954377
Combined,2662,Presage+,0.1,3,0.0643482382930078,0.1196887479333948,0.0046605379603934,0.0844444513870241,0.0083650026951167,0.0046005540435774,0.0584945182623224,0.5049100864506121,0.5085900043226718,812.5413415716965
test_seen,775,Presage_KPDP,0.5,1,0.0037977462676944,0.0401024195807668,0.0034508450268167,0.0647642784125165,0.018236102628854,0.0176798506097029,0.1681703224859111,0.5977709445346948,0.4850046414481318,600.2181949317284
test_unseen,338,Presage_KPDP,0.5,1,-0.0136277134454791,0.0321111782956366,0.0077087109036617,0.1861784272145412,0.0652329401194415,0.0299737289416198,0.1612029087044122,0.292306095951641,0.5186534204588993,287.07821829849814
Combined,1113,Presage_KPDP,0.5,1,-0.0070345976956807,0.038565038961073,0.0047438896506923,0.1016357809238232,0.0325082778955373,0.0214133015317046,0.1628618167476262,0.5050062375975231,0.4952232284253459,886.7181472000564
test_seen,1801,Presage_KPDP,0.3,1,0.0208058925537695,0.0474850366227441,0.0037373935113488,0.0734478728193826,0.0187864783217955,0.0426500832785218,0.0098493393149662,0.5502509000041034,0.515556008017581,1375.5765132188983
test_unseen,338,Presage_KPDP,0.3,1,-0.0243452665625665,0.0279627177702172,0.0077451301243483,0.1847609321824898,0.0291214303754576,0.0479754809134603,-0.0778270741734174,0.2669059730655759,0.4363282612185253,277.62434919240627
Combined,2139,Presage_KPDP,0.3,1,0.0032471298351736,0.044015671738641,0.0043706870948896,0.0910373137098596,0.0204195843499104,0.0434915907121867,-0.0320259626496349,0.5054773678370988,0.5030366165177769,1655.9387843165853
test_seen,1655,Presage_KPDP,0.3,2,0.0214562455479258,0.0246498232979253,0.0040927135703641,0.0738631358974123,-0.0269606653004979,0.0245431304593725,-0.0984808698238783,0.5500792280658486,0.5336380171403909,1288.0543266688164
test_unseen,306,Presage_KPDP,0.3,2,0.0101437473973836,0.0166936189213265,0.0077724257402979,0.2114045725616559,-0.0608644414581746,0.0458734437775263,0.0078604872074771,0.2654878618113912,0.4710017340269441,222.81019898402204
Combined,1961,Presage_KPDP,0.3,2,0.0172245462859051,0.0233568687022476,0.0046669062904048,0.095325491644102,-0.0322511066591155,0.0278715730271211,-0.0480861705078142,0.5056707843769839,0.5238640739314593,1517.662453086729
test_seen,1350,Presage+,0.5,2,0.0394637127353619,0.0678281991306979,0.003490841377214,0.0636963293224936,0.0004906140712582,-0.015063439345931,0.1068304294030606,0.5677627839319681,0.5178502853306478,892.8105834142169
test_unseen,306,Presage+,0.5,2,0.0203421534961958,0.0688742543779436,0.0075857505142194,0.210130872240328,0.0389585562763109,0.0012441889075154,0.1623665696202653,0.2360444681397231,0.6092056157810557,169.65458702067812
Combined,1656,Presage+,0.5,2,0.0292974612060859,0.0710514401578151,0.0042475093699215,0.0907548861660065,0.0075988207830614,-0.0120500732556202,0.1428373774559735,0.506467008187749,0.5347311616095276,1066.7960257081952
test_seen,1350,Presage_KPDP,0.5,2,0.0456003944437292,0.0582626527856688,0.0033913932163347,0.0629955685830508,0.0201768787221878,0.0088123665021741,0.1507748241130042,0.5665189660960053,0.4971135727872888,947.6378148056068
test_unseen,306,Presage_KPDP,0.5,2,0.0979858311725803,0.1332754526032649,0.0075086174741219,0.2108389468982527,0.0995355924517782,0.0591148015824845,0.3265865160615068,0.2372864956657386,0.7275260154414233,187.4363903263606
Combined,1656,Presage_KPDP,0.5,2,0.0548222673533823,0.0713380967187736,0.0041521846552737,0.090314453706512,0.034840988867873,0.0181073816800575,0.2647626243873082,0.5056825313425866,0.5396897850168572,1136.7271473554702
test_seen,2421,Presage_KPDP,0.1,1,-0.0085638302849571,-0.0102678269421784,0.0037673407965064,0.0609236008854521,0.0181262182338987,0.1110614978957636,0.1524600549859938,0.5421869135755876,0.494802248515003,2277.192156160273
test_unseen,338,Presage_KPDP,0.1,1,-0.01660693566728,-0.0013463946251859,0.0077654868536564,0.1866809607937337,0.0823744835520832,0.0382360305705753,0.1102101583970084,0.2505524541838482,0.5082717945857346,318.12286056033605
Combined,2759,Presage_KPDP,0.1,1,-0.0128651467599955,-0.0091716902959417,0.0042571462939028,0.0763299030416678,0.0259971546882468,0.1021397842473715,0.1335510103587555,0.5064593139835586,0.496452377754549,2600.2231056825885
test_seen,2343,Presage_KPDP,0.1,3,0.0245101113250421,0.0360025916205209,0.0038752256528303,0.0702371975079054,0.0041670207846206,0.0960128451246528,-0.0159657233564141,0.5444063834110995,0.4711947908511734,1933.1848291983813
test_unseen,319,Presage_KPDP,0.1,3,-0.0651268463366308,-0.0462413937358063,0.0076805004265492,0.1781257116462977,0.0995340947690819,0.0021482094582969,0.0462420341730234,0.2295646273409365,0.7118649858221449,263.3135374489528
Combined,2662,Presage_KPDP,0.1,3,0.0129932172997362,0.0324027003212687,0.0043312296546396,0.0831659863922582,0.0155953065100313,0.0847646036605027,0.0046368458575153,0.506677412642361,0.500035434050174,2208.9291559544945
test_seen,1040,GEARS,0.5,3,-0.0246984517914537,0.1873539179208314,0.0082063472486732,0.0838047265033122,-0.0002442524843924,0.0001042786797165,-0.0247651801343931,0.5699869717910955,0.480132689475473,64.0473887745761
test_unseen,319,GEARS,0.5,3,-0.1135476359150829,-0.0024365325371758,0.012715970285675,0.1845203061361436,0.0091742718665785,0.0019319134732894,-0.0009923724324929,0.2950540394550349,0.5461216707217418,37.81594612174786
Combined,1359,GEARS,0.5,3,-0.0202979111576033,0.1699809082575782,0.0092648974685434,0.107445837542954,0.0019665711123402,0.0005332819903491,-0.0141190966852813,0.5054515741345809,0.4956223767584455,100.32004900851028
test_seen,2343,GEARS,0.1,3,-0.0057357109301062,0.1612984022792478,0.0072939476384786,0.0746411226781741,0.0007865386118547,0.000480592554274,-0.0044179290229624,0.5456689896247195,0.4872508369658123,148.4490989086771
test_unseen,319,GEARS,0.1,3,-0.1413844832336584,-0.0226483844783876,0.0127553797442512,0.1823377423471743,0.0183930095449768,0.0012865323381374,0.0632585804239595,0.2240925760344179,0.5849817225239998,35.22183005248055
Combined,2662,GEARS,0.1,3,-0.0130808181497203,0.1563023939348537,0.0079484167751207,0.087546915944294,0.0028964049633446,0.0005771721151502,0.0179958345559216,0.5071329731200965,0.4989623893674133,179.1389756022098
test_seen,1780,GEARS,0.3,3,-0.0200937152937462,0.156409188509435,0.0077778912452657,0.0847880597814927,0.0004926593898015,-0.000769280448251,-0.0220734377793258,0.5532789387431583,0.5032915242981545,113.837644102564
test_unseen,319,GEARS,0.3,3,0.0500398621616546,0.1762035984315877,0.012901631418997,0.186461994230431,-0.0057628567814887,-0.0023897612426007,-0.014011257560025,0.2492237718561639,0.4643951098374029,37.123767783201664
Combined,2099,GEARS,0.3,3,0.0012389400079342,0.1621943793594814,0.0085565825818166,0.1002401727349045,-0.000458036016888,-0.0010155564717848,-0.0191494780519033,0.5070695065197418,0.4973801587845863,146.60872280326123
test_seen,2421,GEARS,0.1,1,-0.0713767547975816,0.1047571295518975,0.0071077887608821,0.0650692660902223,0.0044118277128712,-0.0095269911725002,-0.0088003017700201,0.5414737316309222,0.4824734264094179,295.85249997606496
test_unseen,338,GEARS,0.1,1,0.0071668667438674,0.1869009620507166,0.0127295067665241,0.1845813749038233,0.0241074544093005,-0.0014359534535391,0.0702564976730982,0.258089431068736,0.5767814770157605,46.36601472147035
Combined,2759,GEARS,0.1,1,-0.054047410100821,0.1184938027144034,0.0077964950624069,0.0797104740565134,0.0068247026035537,-0.0085357730684738,0.0265817623164104,0.5067568437766203,0.4940269317029822,335.72861354746243
test_seen,2454,GEARS,0.1,2,-0.0757326859752804,0.0596244344641519,0.0074008558112842,0.0615524492233126,-0.0004334577913189,-0.0117504302677603,-0.0074249081257912,0.5365612370923285,0.4564872228194133,474.2673067584363
test_unseen,306,GEARS,0.1,2,-0.0361152861875675,0.1609885112727254,0.0121281522938797,0.2076209389376354,0.0654676735282574,-0.0020795782559844,0.0441073492856835,0.2717464175473257,0.8046808188057148,35.5882308361807
Combined,2760,GEARS,0.1,2,-0.0704381662594613,0.0751087760353918,0.0079249691169633,0.0777469991699006,0.0068729719854167,-0.0106782271099329,0.0157842765099111,0.507201333186252,0.4950912954178945,523.1125335529725
test_seen,1655,GEARS,0.3,2,0.0047969843129727,0.1468083182948545,0.0074457984290561,0.0776918470725265,-0.0048502432977116,-0.000388542690945,-0.0445282309191826,0.5524338738516554,0.5078781059251495,94.07062745312022
test_unseen,306,GEARS,0.3,2,0.001741436625804,0.122159843027209,0.0126257224338036,0.2151923919894135,-0.0169727822809977,-0.0078286044470084,-0.0082824514559476,0.2587568360677604,0.4424903294651193,33.53220169832844
Combined,1961,GEARS,0.3,2,0.0032650974052619,0.1446192278703616,0.0082540884573339,0.0991478219550188,-0.0067418786515543,-0.0015495110220798,-0.0273515161534729,0.5066076762168407,0.4976748118931406,120.92722213240606
test_seen,1350,GEARS,0.5,2,-0.0277702395174385,0.1773559824808905,0.0065393169759379,0.067354522946294,0.0002201272295503,-0.0019885192437799,-0.0592463450220534,0.5697880720599754,0.5001132371041737,65.56919780880447
test_unseen,306,GEARS,0.5,2,-0.0874877615134809,0.0874706362235842,0.0124716695287714,0.2156988005114478,-0.0047382855613243,-0.0096398261752927,-0.0314559946869505,0.2286712872460162,0.4864640720336474,33.720226282424456
Combined,1656,GEARS,0.5,2,-0.041363347918063,0.1691374826323299,0.0076355125563528,0.094765965539855,-0.0006961012209373,-0.003402347698516,-0.0412284255740197,0.5067556226921786,0.4975911087759242,89.35163853888338
test_seen,775,GEARS,0.5,1,-0.0527191709165528,0.1792779284055621,0.0065874161233665,0.0684401744857818,0.0030208447977242,0.0012480978443036,0.0119835385015505,0.6005894639127408,0.4973067997215131,32.09189451085393
test_unseen,338,GEARS,0.5,1,-0.0351472384641077,0.1766298072529888,0.01268182844682,0.1865680943259031,0.0057165732046043,0.0011211021753334,0.0365644925747964,0.2917633348942148,0.5246370950576816,41.96434222359522
Combined,1113,GEARS,0.5,1,-0.0422847199165211,0.1832652487084565,0.0084381900365087,0.1043137027031771,0.003839493676004,0.0012095313248859,0.0307118844621188,0.5068039907696484,0.50560656596017,63.9859545421392
test_seen,1801,GEARS,0.3,1,-0.0263654155621217,0.1624518041310523,0.0070634236941171,0.0787114151050598,-0.0003272488546322,-0.0013895677336096,-0.0286946766075698,0.5508570490669096,0.5015057636101761,91.33557621473682
test_unseen,338,GEARS,0.3,1,0.0034543779446178,0.1841238036865547,0.0128424633688013,0.1874745368603838,-0.0025777039945377,-0.0028046949893044,0.0220714911808857,0.2717285413011109,0.5066422747576953,41.410554394493495
Combined,2139,GEARS,0.3,1,-0.0205707905781988,0.1685754087645608,0.0079766146291537,0.0958979205530726,-0.0006828607467725,-0.001613182980185,-0.0044481487086059,0.5067497860351939,0.5023174236232015,125.28931403187008
test_seen,2421,LLM_KNN_KP,0.1,1,0.0095737132558325,0.0828823372970285,0.0049604253224099,0.0628983825349241,0.0104477723464291,-0.0021192580432572,0.1497851716226734,0.5417443573709495,0.5006114913649872,756.0893902961924
test_unseen,338,LLM_KNN_KP,0.1,1,0.08089353975253,0.1635520614795811,0.0088710289444238,0.1671186028086358,0.0591868390637604,0.0278774714924647,0.2085052735276729,0.2538392883961021,0.5460070971589909,103.69324911675014
Combined,2759,LLM_KNN_KP,0.1,1,0.0256770669830917,0.0984919319333282,0.0054395061575824,0.0756662094477601,0.0164187054926625,0.0015555859520577,0.176065496950785,0.5064736385186486,0.5061728232817588,855.3728202253899
test_seen,1801,LLM_KNN_KP,0.3,1,0.0803201707672347,0.1757054750572506,0.0045366454921627,0.0743915464779073,0.0100730676847695,0.0090928954614333,0.0634086425687234,0.5510861079672503,0.5284256381835474,196.65433381465664
test_unseen,338,LLM_KNN_KP,0.3,1,0.1511351792999694,0.2329109698694857,0.0084609973029603,0.1714405734239439,0.0376770185430909,0.0379992693233277,0.2867543144549192,0.2789796912449284,0.5933945345149202,58.866952323023575
Combined,2139,LLM_KNN_KP,0.3,1,0.1000691872080333,0.1890258119872862,0.0051567627955987,0.0897270168415166,0.0144349823131531,0.013660616062331,0.1700812022755632,0.5080884600700344,0.5386918779965459,246.66835579552776
test_seen,775,LLM_KNN_KP,0.5,1,0.0474721431274066,0.1874794202751179,0.0042538753792263,0.064716613453276,0.0095789089232195,0.004522034936783,0.0641588209740125,0.5999303782780228,0.5181666279879322,76.90589723141875
test_unseen,338,LLM_KNN_KP,0.5,1,0.1336178848346009,0.2359681050627108,0.0084239166825508,0.1676943245842313,0.0578454272557413,0.0476377202947121,0.3325866558169028,0.3148040739006427,0.5973191860712613,54.201454674997514
Combined,1113,LLM_KNN_KP,0.5,1,0.0977579036442648,0.209444338310598,0.0055202491083581,0.0959892696637548,0.024236665613599,0.0176155674174479,0.2686752665685956,0.5133421564635084,0.5422039726709198,122.89876255822108
